Date,YearMonth,HS2,Category,ValueEUR,Qty100kg,WeightKg,WeightTonnes,UnitValueEurPerKg,ValueMissing,QtyMissing
2011-01-01,2011-01,52,Cotton yarn & woven cotton,437859,931.69,93169,93.16900000000001,4.699621118612414,false,false
2011-01-01,2011-01,61,Knitted apparel,29374404,16449.16,1644916,1644.9160000000002,17.857692429279062,false,false
2011-01-01,2011-01,62,Woven apparel,37059564,12422.63,1242263,1242.263,29.83230121157919,false,false
2011-01-01,2011-01,63,Made-ups / home textiles,7981793,15770.33,1577033,1577.0330000000001,5.061272021574691,false,false
2011-01-01,2011-01,64,Footwear,12037100,7482.86,748286,748.2860000000001,16.086229062150032,false,false
2011-02-01,2011-02,52,Cotton yarn & woven cotton,730955,1245.71,124571,124.57100000000001,5.867778214833308,false,false
2011-02-01,2011-02,61,Knitted apparel,33260760,18285.78,1828578,1828.578,18.189412756797907,false,false
2011-02-01,2011-02,62,Woven apparel,46806094,16140.91,1614091,1614.0910000000001,28.99842326114203,false,false
2011-02-01,2011-02,63,Made-ups / home textiles,8832581,19773.11,1977311,1977.3110000000001,4.466965995738657,false,false
2011-02-01,2011-02,64,Footwear,15370173,9926.66,992666,992.666,15.483730680813084,false,false
2011-03-01,2011-03,52,Cotton yarn & woven cotton,971957,2638.56,263856,263.856,3.6836645746164574,false,false
2011-03-01,2011-03,61,Knitted apparel,35292536,19183.08,1918308.0000000002,1918.3080000000002,18.39774217696011,false,false
2011-03-01,2011-03,62,Woven apparel,52058916,17825.04,1782504,1782.5040000000001,29.20549743506887,false,false
2011-03-01,2011-03,63,Made-ups / home textiles,10451712,22662.86,2266286,2266.286,4.611823926900665,false,false
2011-03-01,2011-03,64,Footwear,18106902,11152.51,1115251,1115.251,16.235719134078337,false,false
2011-04-01,2011-04,52,Cotton yarn & woven cotton,678910,1040.76,104076,104.07600000000001,6.5232138052961295,false,false
2011-04-01,2011-04,61,Knitted apparel,24012588,13044.18,1304418,1304.4180000000001,18.408660414069722,false,false
2011-04-01,2011-04,62,Woven apparel,44152811,15662.3,1566230,1566.23,28.19050267202135,false,false
2011-04-01,2011-04,63,Made-ups / home textiles,10952912,21628.41,2162841,2162.841,5.064131852503259,false,false
2011-04-01,2011-04,64,Footwear,12701216,7570.81,757081,757.0810000000001,16.77656155682153,false,false
2011-05-01,2011-05,52,Cotton yarn & woven cotton,1121600,1886.89,188689,188.68900000000002,5.94417268627212,false,false
2011-05-01,2011-05,61,Knitted apparel,26587733,14414.67,1441467,1441.467,18.44491271739138,false,false
2011-05-01,2011-05,62,Woven apparel,40675943,14411.01,1441101,1441.101,28.225601814168474,false,false
2011-05-01,2011-05,63,Made-ups / home textiles,10598148,22813.63,2281363,2281.3630000000003,4.64553339385271,false,false
2011-05-01,2011-05,64,Footwear,7987515,4928.53,492853,492.853,16.206688404047455,false,false
2011-06-01,2011-06,52,Cotton yarn & woven cotton,986809,1726.57,172657,172.657,5.715430014421657,false,false
2011-06-01,2011-06,61,Knitted apparel,32475427,18077.49,1807749.0000000002,1807.7490000000003,17.964566430405988,false,false
2011-06-01,2011-06,62,Woven apparel,34678643,12262.46,1226246,1226.2459999999999,28.28033118966341,false,false
2011-06-01,2011-06,63,Made-ups / home textiles,9178928,19475.87,1947587,1947.587,4.7129745680167305,false,false
2011-06-01,2011-06,64,Footwear,10178215,6519.79,651979,651.979,15.611262019175465,false,false
2011-07-01,2011-07,52,Cotton yarn & woven cotton,1049862,2226.74,222673.99999999997,222.67399999999998,4.7147938241554925,false,false
2011-07-01,2011-07,61,Knitted apparel,36379229,19956.1,1995609.9999999998,1995.61,18.229628534633523,false,false
2011-07-01,2011-07,62,Woven apparel,31240104,10941.32,1094132,1094.132,28.55240866732716,false,false
2011-07-01,2011-07,63,Made-ups / home textiles,9124251,19901.89,1990189,1990.189,4.5846153305037864,false,false
2011-07-01,2011-07,64,Footwear,11875898,7820.34,782034,782.0340000000001,15.185910075521013,false,false
2011-08-01,2011-08,52,Cotton yarn & woven cotton,604624,1180.06,118006,118.006,5.123671677711303,false,false
2011-08-01,2011-08,61,Knitted apparel,31291111,17479.38,1747938,1747.938,17.901728207751077,false,false
2011-08-01,2011-08,62,Woven apparel,24542393,8432.04,843204.0000000001,843.2040000000002,29.10611548332313,false,false
2011-08-01,2011-08,63,Made-ups / home textiles,9748192,21597.38,2159738,2159.7380000000003,4.513599334734121,false,false
2011-08-01,2011-08,64,Footwear,15571275,9917.82,991782,991.782,15.70030006594191,false,false
2011-09-01,2011-09,52,Cotton yarn & woven cotton,725562,1390.04,139004,139.004,5.219720295818825,false,false
2011-09-01,2011-09,61,Knitted apparel,21029273,11890.28,1189028,1189.028,17.68610411193008,false,false
2011-09-01,2011-09,62,Woven apparel,19113666,7581.19,758119,758.119,25.211960127631677,false,false
2011-09-01,2011-09,63,Made-ups / home textiles,10247892,22177.99,2217799,2217.7990000000004,4.620748769388029,false,false
2011-09-01,2011-09,64,Footwear,10939224,7382.61,738261,738.261,14.817556392657881,false,false
2011-10-01,2011-10,52,Cotton yarn & woven cotton,1242797,2892.72,289272,289.272,4.296292071130286,false,false
2011-10-01,2011-10,61,Knitted apparel,14685466,8265.08,826508,826.508,17.768086939267377,false,false
2011-10-01,2011-10,62,Woven apparel,12744201,4821.92,482192,482.192,26.42972301489863,false,false
2011-10-01,2011-10,63,Made-ups / home textiles,10106786,20393.31,2039331.0000000002,2039.3310000000001,4.95593211695404,false,false
2011-10-01,2011-10,64,Footwear,7715273,5419.13,541913,541.913,14.237106325185039,false,false
2011-11-01,2011-11,52,Cotton yarn & woven cotton,1202476,4358.29,435829,435.829,2.759054583334289,false,false
2011-11-01,2011-11,61,Knitted apparel,17519809,9753.39,975339,975.3389999999999,17.962789348113834,false,false
2011-11-01,2011-11,62,Woven apparel,16690304,6582.93,658293,658.2930000000001,25.353913834721013,false,false
2011-11-01,2011-11,63,Made-ups / home textiles,7619099,13394.57,1339457,1339.457,5.688199770504018,false,false
2011-11-01,2011-11,64,Footwear,6463032,4192.79,419279,419.279,15.414633215591527,false,false
2011-12-01,2011-12,52,Cotton yarn & woven cotton,673012,1182.48,118248,118.248,5.691529666463704,false,false
2011-12-01,2011-12,61,Knitted apparel,24759650,12611.58,1261158,1261.1580000000001,19.632472695728847,false,false
2011-12-01,2011-12,62,Woven apparel,26685189,9312.16,931216,931.216,28.65628275287366,false,false
2011-12-01,2011-12,63,Made-ups / home textiles,7208466,14344.55,1434455,1434.455,5.025229791105333,false,false
2011-12-01,2011-12,64,Footwear,10673439,6302.1,630210,630.21,16.936321226257913,false,false
2012-01-01,2012-01,52,Cotton yarn & woven cotton,978583,2328.97,232896.99999999997,232.897,4.2017844798344335,false,false
2012-01-01,2012-01,61,Knitted apparel,29120733,14341.7,1434170,1434.17,20.30493804779071,false,false
2012-01-01,2012-01,62,Woven apparel,43610343,14000.09,1400009,1400.009,31.150044749712322,false,false
2012-01-01,2012-01,63,Made-ups / home textiles,8615722,16339.57,1633957,1633.957,5.2729184427741975,false,false
2012-01-01,2012-01,64,Footwear,12859386,7348.34,734834,734.8340000000001,17.499715582022606,false,false
2012-02-01,2012-02,52,Cotton yarn & woven cotton,823139,2073.35,207335,207.335,3.9700918802903513,false,false
2012-02-01,2012-02,61,Knitted apparel,27696281,13242.86,1324286,1324.286,20.91412353524843,false,false
2012-02-01,2012-02,62,Woven apparel,49134382,15259.29,1525929,1525.929,32.199651490993354,false,false
2012-02-01,2012-02,63,Made-ups / home textiles,8176638,16297.72,1629772,1629.772,5.017044101874372,false,false
2012-02-01,2012-02,64,Footwear,14363153,8552.35,855235,855.2350000000001,16.794393353873495,false,false
2012-03-01,2012-03,52,Cotton yarn & woven cotton,933831,2039.52,203952,203.952,4.578680277712403,false,false
2012-03-01,2012-03,61,Knitted apparel,21683569,10792.54,1079254,1079.2540000000001,20.09125655313763,false,false
2012-03-01,2012-03,62,Woven apparel,40578650,13444.65,1344465,1344.4650000000001,30.18200548173437,false,false
2012-03-01,2012-03,63,Made-ups / home textiles,8758098,16777.1,1677709.9999999998,1677.71,5.220269295647044,false,false
2012-03-01,2012-03,64,Footwear,12472898,6961.32,696132,696.1320000000001,17.917432326053106,false,false
2012-04-01,2012-04,52,Cotton yarn & woven cotton,823263,1664.45,166445,166.44500000000002,4.946156387996035,false,false
2012-04-01,2012-04,61,Knitted apparel,18094207,9548.1,954810,954.8100000000001,18.95058388579927,false,false
2012-04-01,2012-04,62,Woven apparel,31048856,10883.46,1088346,1088.346,28.528478994731454,false,false
2012-04-01,2012-04,63,Made-ups / home textiles,8547462,18077.28,1807728,1807.728,4.728289875467991,false,false
2012-04-01,2012-04,64,Footwear,8590693,4813.44,481343.99999999994,481.344,17.847304630368303,false,false
2012-05-01,2012-05,52,Cotton yarn & woven cotton,502265,605.22,60522,60.522000000000006,8.298883050791448,false,false
2012-05-01,2012-05,61,Knitted apparel,17795369,10059.56,1005956,1005.956,17.690007316423383,false,false
2012-05-01,2012-05,62,Woven apparel,23233293,8537.79,853779.0000000001,853.7790000000001,27.212303183844995,false,false
2012-05-01,2012-05,63,Made-ups / home textiles,7201025,14423.54,1442354,1442.3540000000003,4.99255037251604,false,false
2012-05-01,2012-05,64,Footwear,6685130,4018.97,401897,401.897,16.633938546443492,false,false
2012-06-01,2012-06,52,Cotton yarn & woven cotton,675475,2142.58,214258,214.258,3.1526244060898545,false,false
2012-06-01,2012-06,61,Knitted apparel,24771213,14137.7,1413770,1413.7700000000002,17.521388203173075,false,false
2012-06-01,2012-06,62,Woven apparel,23759815,8695.71,869570.9999999999,869.5709999999999,27.32360554802311,false,false
2012-06-01,2012-06,63,Made-ups / home textiles,7895900,16965.61,1696561,1696.5610000000001,4.654061952384854,false,false
2012-06-01,2012-06,64,Footwear,9275191,5740.64,574064,574.0640000000001,16.15706785306168,false,false
2012-07-01,2012-07,52,Cotton yarn & woven cotton,1125193,4787.55,478755,478.75500000000005,2.350248039184969,false,false
2012-07-01,2012-07,61,Knitted apparel,28547942,15250.08,1525008,1525.008,18.719863764649105,false,false
2012-07-01,2012-07,62,Woven apparel,26813397,9696.86,969686,969.6860000000001,27.651628465297012,false,false
2012-07-01,2012-07,63,Made-ups / home textiles,9398190,19853.31,1985331.0000000002,1985.3310000000001,4.733815167344891,false,false
2012-07-01,2012-07,64,Footwear,11183996,6716.23,671623,671.623,16.652193269140575,false,false
2012-08-01,2012-08,52,Cotton yarn & woven cotton,643636,1156.38,115638.00000000001,115.63800000000002,5.565955827669105,false,false
2012-08-01,2012-08,61,Knitted apparel,21194721,11399.64,1139964,1139.964,18.592447656241777,false,false
2012-08-01,2012-08,62,Woven apparel,22584383,8324.11,832411,832.4110000000001,27.131288510123003,false,false
2012-08-01,2012-08,63,Made-ups / home textiles,9294752,20746.23,2074623,2074.623,4.480212549460793,false,false
2012-08-01,2012-08,64,Footwear,14478150,8465.58,846558,846.558,17.102372194226504,false,false
2012-09-01,2012-09,52,Cotton yarn & woven cotton,738316,1244.59,124458.99999999999,124.459,5.932202572734797,false,false
2012-09-01,2012-09,61,Knitted apparel,13593176,7388.75,738875,738.875,18.39712535949924,false,false
2012-09-01,2012-09,62,Woven apparel,13822291,5510.37,551037,551.037,25.08414317005936,false,false
2012-09-01,2012-09,63,Made-ups / home textiles,7175278,15118.49,1511849,1511.8490000000002,4.7460282078435085,false,false
2012-09-01,2012-09,64,Footwear,10300281,5618.69,561869,561.869,18.332175293529275,false,false
2012-10-01,2012-10,52,Cotton yarn & woven cotton,958980,1917.68,191768,191.76800000000003,5.000730048808977,false,false
2012-10-01,2012-10,61,Knitted apparel,12890722,7241.25,724125,724.125,17.80179112722251,false,false
2012-10-01,2012-10,62,Woven apparel,11369195,4349.79,434979,434.97900000000004,26.137342262500027,false,false
2012-10-01,2012-10,63,Made-ups / home textiles,9158011,18796.46,1879646,1879.646,4.872199871677965,false,false
2012-10-01,2012-10,64,Footwear,7638648,4667.95,466795,466.795,16.36403131995844,false,false
2012-11-01,2012-11,52,Cotton yarn & woven cotton,680475,1709.39,170939,170.93900000000002,3.980806018521227,false,false
2012-11-01,2012-11,61,Knitted apparel,17173086,10618.32,1061832,1061.832,16.17307257645277,false,false
2012-11-01,2012-11,62,Woven apparel,14305306,5607.53,560753,560.753,25.510886254732476,false,false
2012-11-01,2012-11,63,Made-ups / home textiles,7142444,14208.92,1420892,1420.892,5.026732503244441,false,false
2012-11-01,2012-11,64,Footwear,5937200,3554.62,355462,355.462,16.702769916334237,false,false
2012-12-01,2012-12,52,Cotton yarn & woven cotton,1075849,3625.3,362530,362.53000000000003,2.967613714727057,false,false
2012-12-01,2012-12,61,Knitted apparel,21067914,12152.2,1215220,1215.22,17.3367077566202,false,false
2012-12-01,2012-12,62,Woven apparel,20841463,7416.57,741657,741.657,28.101215251794294,false,false
2012-12-01,2012-12,63,Made-ups / home textiles,5624648,10928.57,1092857,1092.857,5.146737404802275,false,false
2012-12-01,2012-12,64,Footwear,9056474,5614.53,561453,561.453,16.130422314957798,false,false
2013-01-01,2013-01,52,Cotton yarn & woven cotton,737767,1678.35,167835,167.835,4.395787529418774,false,false
2013-01-01,2013-01,61,Knitted apparel,24889337,12599.42,1259942,1259.942,19.754351390778307,false,false
2013-01-01,2013-01,62,Woven apparel,35157562,12055.35,1205535,1205.535,29.163451911392038,false,false
2013-01-01,2013-01,63,Made-ups / home textiles,7503487,14906.3,1490630,1490.63,5.033768943332685,false,false
2013-01-01,2013-01,64,Footwear,12895770,7342.53,734253,734.253,17.56311516602588,false,false
2013-02-01,2013-02,52,Cotton yarn & woven cotton,895787,2566.32,256632.00000000003,256.632,3.490550671779045,false,false
2013-02-01,2013-02,61,Knitted apparel,24699391,12588.2,1258820,1258.8200000000002,19.621066554392208,false,false
2013-02-01,2013-02,62,Woven apparel,35042041,12771.42,1277142,1277.142,27.43785812384214,false,false
2013-02-01,2013-02,63,Made-ups / home textiles,7554011,16026.4,1602640,1602.64,4.713479633604552,false,false
2013-02-01,2013-02,64,Footwear,15824772,8700.68,870068,870.0680000000001,18.187971514870103,false,false
2013-03-01,2013-03,52,Cotton yarn & woven cotton,959068,3120.8,312080,312.08000000000004,3.0731479107921045,false,false
2013-03-01,2013-03,61,Knitted apparel,24966437,12744.47,1274447,1274.4470000000001,19.59001590493759,false,false
2013-03-01,2013-03,62,Woven apparel,37320260,13083.97,1308397,1308.397,28.523651460527653,false,false
2013-03-01,2013-03,63,Made-ups / home textiles,7855322,15419.77,1541977,1541.977,5.094318527448853,false,false
2013-03-01,2013-03,64,Footwear,16015944,8898.12,889812.0000000001,889.8120000000001,17.999244784291513,false,false
2013-04-01,2013-04,52,Cotton yarn & woven cotton,912419,2205.85,220585,220.585,4.136360133281955,false,false
2013-04-01,2013-04,61,Knitted apparel,23720229,12802.3,1280230,1280.23,18.528099638346234,false,false
2013-04-01,2013-04,62,Woven apparel,34185772,11705.19,1170519,1170.519,29.205653218785855,false,false
2013-04-01,2013-04,63,Made-ups / home textiles,8204176,19365.13,1936513,1936.5130000000001,4.236571610931607,false,false
2013-04-01,2013-04,64,Footwear,12794877,7539.16,753916,753.916,16.971223584590327,false,false
2013-05-01,2013-05,52,Cotton yarn & woven cotton,574079,749.55,74955,74.955,7.658982055900207,false,false
2013-05-01,2013-05,61,Knitted apparel,21448140,12374.99,1237499,1237.499,17.331844308561056,false,false
2013-05-01,2013-05,62,Woven apparel,24704981,8801.03,880103.0000000001,880.1030000000001,28.07055651440797,false,false
2013-05-01,2013-05,63,Made-ups / home textiles,7042367,16507.48,1650748,1650.748,4.266167216316482,false,false
2013-05-01,2013-05,64,Footwear,7781477,4607.47,460747,460.74700000000007,16.888828359164574,false,false
2013-06-01,2013-06,52,Cotton yarn & woven cotton,884376,2663.85,266385,266.385,3.31991666197421,false,false
2013-06-01,2013-06,61,Knitted apparel,24186918,14320.11,1432011,1432.0110000000002,16.890176122948777,false,false
2013-06-01,2013-06,62,Woven apparel,26372158,9503.31,950331,950.331,27.750497458254017,false,false
2013-06-01,2013-06,63,Made-ups / home textiles,7289097,16289.92,1628992,1628.9920000000002,4.474605768475229,false,false
2013-06-01,2013-06,64,Footwear,8618084,4961.18,496118,496.11800000000005,17.37103672916524,false,false
2013-07-01,2013-07,52,Cotton yarn & woven cotton,846688,1974.61,197461,197.461,4.287874567636141,false,false
2013-07-01,2013-07,61,Knitted apparel,32766522,19302.9,1930290.0000000002,1930.2900000000002,16.9749219029265,false,false
2013-07-01,2013-07,62,Woven apparel,28151171,9857.82,985782,985.782,28.55719723021926,false,false
2013-07-01,2013-07,63,Made-ups / home textiles,8996185,19139.21,1913921,1913.921,4.700395157375879,false,false
2013-07-01,2013-07,64,Footwear,12926311,7244.56,724456,724.4560000000001,17.84278272248418,false,false
2013-08-01,2013-08,52,Cotton yarn & woven cotton,748514,1712.75,171275,171.275,4.370246679316888,false,false
2013-08-01,2013-08,61,Knitted apparel,23520679,13908.82,1390882,1390.882,16.91062146177749,false,false
2013-08-01,2013-08,62,Woven apparel,18850699,6650.05,665005,665.0050000000001,28.346702656371004,false,false
2013-08-01,2013-08,63,Made-ups / home textiles,9035142,20879.68,2087968,2087.9680000000003,4.327241605235329,false,false
2013-08-01,2013-08,64,Footwear,15993018,9071.36,907136,907.1360000000001,17.63023185057147,false,false
2013-09-01,2013-09,52,Cotton yarn & woven cotton,978399,2468.7,246869.99999999997,246.87,3.9632154575282543,false,false
2013-09-01,2013-09,61,Knitted apparel,16683187,9733.72,973371.9999999999,973.372,17.139579729024465,false,false
2013-09-01,2013-09,62,Woven apparel,14843455,5751.86,575186,575.186,25.80635655248911,false,false
2013-09-01,2013-09,63,Made-ups / home textiles,9090061,20326.74,2032674.0000000002,2032.6740000000002,4.471971895148951,false,false
2013-09-01,2013-09,64,Footwear,12332173,7133.1,713310,713.3100000000001,17.288658507521273,false,false
2013-10-01,2013-10,52,Cotton yarn & woven cotton,619708,2509.32,250932.00000000003,250.93200000000002,2.469625237116031,false,false
2013-10-01,2013-10,61,Knitted apparel,15603353,9686.3,968629.9999999999,968.63,16.10868236581564,false,false
2013-10-01,2013-10,62,Woven apparel,12644251,5129.06,512906.00000000006,512.9060000000001,24.6521799316054,false,false
2013-10-01,2013-10,63,Made-ups / home textiles,9170404,21296.08,2129608,2129.608,4.306146483296456,false,false
2013-10-01,2013-10,64,Footwear,7642360,4603.12,460312,460.312,16.602565216635675,false,false
2013-11-01,2013-11,52,Cotton yarn & woven cotton,880895,3786.86,378686,378.68600000000004,2.3261884516459546,false,false
2013-11-01,2013-11,61,Knitted apparel,21494143,13647.08,1364708,1364.708,15.749994137940131,false,false
2013-11-01,2013-11,62,Woven apparel,12041431,4693.79,469379,469.379,25.653961936942213,false,false
2013-11-01,2013-11,63,Made-ups / home textiles,8683635,19966.36,1996636,1996.6360000000002,4.349132741270817,false,false
2013-11-01,2013-11,64,Footwear,6156260,3714.39,371439,371.439,16.57408080465433,false,false
2013-12-01,2013-12,52,Cotton yarn & woven cotton,614506,2047.63,204763,204.76300000000003,3.001059761773367,false,false
2013-12-01,2013-12,61,Knitted apparel,23178458,13630.25,1363025,1363.025,17.005159846664586,false,false
2013-12-01,2013-12,62,Woven apparel,19257579,7116.81,711681,711.681,27.059284988639572,false,false
2013-12-01,2013-12,63,Made-ups / home textiles,5851401,13671.72,1367172,1367.172,4.279930396468037,false,false
2013-12-01,2013-12,64,Footwear,10342073,6033.25,603325,603.325,17.141794223677124,false,false
2014-01-01,2014-01,52,Cotton yarn & woven cotton,1046319,4451.79,445179,445.17900000000003,2.3503332367429732,false,false
2014-01-01,2014-01,61,Knitted apparel,31241635,16995.83,1699583.0000000002,1699.5830000000003,18.381941335021587,false,false
2014-01-01,2014-01,62,Woven apparel,35590483,12924.88,1292488,1292.488,27.53641271717803,false,false
2014-01-01,2014-01,63,Made-ups / home textiles,8676866,21430.08,2143008,2143.0080000000003,4.048919089429438,false,false
2014-01-01,2014-01,64,Footwear,15592914,9311.4,931140,931.14,16.74604678136478,false,false
2014-02-01,2014-02,52,Cotton yarn & woven cotton,1143666,4303.62,430362,430.362,2.657451169015852,false,false
2014-02-01,2014-02,61,Knitted apparel,27591892,14725.79,1472579,1472.5790000000002,18.737121743553317,false,false
2014-02-01,2014-02,62,Woven apparel,35680594,12287.85,1228785,1228.785,29.03729619095285,false,false
2014-02-01,2014-02,63,Made-ups / home textiles,6793429,14937.6,1493760,1493.7600000000002,4.547871813410454,false,false
2014-02-01,2014-02,64,Footwear,14393013,7604.69,760469,760.469,18.926495360100148,false,false
2014-03-01,2014-03,52,Cotton yarn & woven cotton,689333,1189.75,118975,118.97500000000001,5.793931498213911,false,false
2014-03-01,2014-03,61,Knitted apparel,28212048,15295.88,1529588,1529.588,18.444213735986423,false,false
2014-03-01,2014-03,62,Woven apparel,40985442,15046.6,1504660,1504.66,27.23900548961227,false,false
2014-03-01,2014-03,63,Made-ups / home textiles,9114735,22422.77,2242277,2242.277,4.0649460347673365,false,false
2014-03-01,2014-03,64,Footwear,18207010,10305.53,1030553.0000000001,1030.553,17.667223325729,false,false
2014-04-01,2014-04,52,Cotton yarn & woven cotton,986656,3307.3,330730,330.73,2.9832673177516402,false,false
2014-04-01,2014-04,61,Knitted apparel,30420958,18479.37,1847937,1847.937,16.4621185678949,false,false
2014-04-01,2014-04,62,Woven apparel,35219074,13267.01,1326701,1326.701,26.546353699891686,false,false
2014-04-01,2014-04,63,Made-ups / home textiles,8776732,19629.51,1962950.9999999998,1962.951,4.4711926074568344,false,false
2014-04-01,2014-04,64,Footwear,12184999,6402.42,640242,640.2420000000001,19.031864513730746,false,false
2014-05-01,2014-05,52,Cotton yarn & woven cotton,800825,2669.39,266939,266.939,3.0000299693937564,false,false
2014-05-01,2014-05,61,Knitted apparel,31688509,20028.42,2002841.9999999998,2002.8419999999999,15.821771762325737,false,false
2014-05-01,2014-05,62,Woven apparel,29843127,11673.24,1167324,1167.324,25.565418855433453,false,false
2014-05-01,2014-05,63,Made-ups / home textiles,7949583,19445.25,1944525,1944.525,4.0881876036564195,false,false
2014-05-01,2014-05,64,Footwear,10677217,6642.1,664210,664.21,16.075062103852698,false,false
2014-06-01,2014-06,52,Cotton yarn & woven cotton,904624,2784.62,278462,278.462,3.2486443392635262,false,false
2014-06-01,2014-06,61,Knitted apparel,39413384,25265.8,2526580,2526.58,15.599499718987722,false,false
2014-06-01,2014-06,62,Woven apparel,31430725,12936.77,1293677,1293.6770000000001,24.295651078283065,false,false
2014-06-01,2014-06,63,Made-ups / home textiles,8381446,19705.41,1970541,1970.5410000000002,4.253373058464655,false,false
2014-06-01,2014-06,64,Footwear,11691014,6563.3,656330,656.33,17.812707022382032,false,false
2014-07-01,2014-07,52,Cotton yarn & woven cotton,831954,2081.34,208134,208.13400000000001,3.997203724523624,false,false
2014-07-01,2014-07,61,Knitted apparel,42402818,26642.41,2664241,2664.241,15.915533917539742,false,false
2014-07-01,2014-07,62,Woven apparel,30466515,11477.45,1147745,1147.7450000000001,26.544672379317706,false,false
2014-07-01,2014-07,63,Made-ups / home textiles,8393019,19247.96,1924796,1924.796,4.3604719668993495,false,false
2014-07-01,2014-07,64,Footwear,16449559,9840.12,984012.0000000001,984.0120000000002,16.716827640313326,false,false
2014-08-01,2014-08,52,Cotton yarn & woven cotton,571379,1743.39,174339,174.33900000000003,3.2774020729727713,false,false
2014-08-01,2014-08,61,Knitted apparel,33598199,21337.34,2133734,2133.734,15.746198448353919,false,false
2014-08-01,2014-08,62,Woven apparel,20572088,8575.56,857556,857.556,23.989206535783087,false,false
2014-08-01,2014-08,63,Made-ups / home textiles,8918205,19845.41,1984541,1984.5410000000002,4.493837617867305,false,false
2014-08-01,2014-08,64,Footwear,15689133,8750.48,875048,875.048,17.929454155657748,false,false
2014-09-01,2014-09,52,Cotton yarn & woven cotton,788754,1703.16,170316,170.31600000000003,4.631120975128584,false,false
2014-09-01,2014-09,61,Knitted apparel,26964414,17138.34,1713834,1713.834,15.733387247539726,false,false
2014-09-01,2014-09,62,Woven apparel,18356302,8537.78,853778.0000000001,853.7780000000001,21.500087844849595,false,false
2014-09-01,2014-09,63,Made-ups / home textiles,9349523,20979.26,2097926,2097.926,4.456555188314555,false,false
2014-09-01,2014-09,64,Footwear,13856747,7515.76,751576,751.576,18.43692055094894,false,false
2014-10-01,2014-10,52,Cotton yarn & woven cotton,670950,2104.95,210494.99999999997,210.495,3.187486638637498,false,false
2014-10-01,2014-10,61,Knitted apparel,23203224,14926.33,1492633,1492.633,15.545163479569325,false,false
2014-10-01,2014-10,62,Woven apparel,15444242,6730.73,673073,673.073,22.94586471304004,false,false
2014-10-01,2014-10,63,Made-ups / home textiles,10171917,21671.87,2167187,2167.187,4.69360373608738,false,false
2014-10-01,2014-10,64,Footwear,9233899,5574.36,557436,557.436,16.56494916008295,false,false
2014-11-01,2014-11,52,Cotton yarn & woven cotton,602210,1711.29,171129,171.12900000000002,3.5190411911481982,false,false
2014-11-01,2014-11,61,Knitted apparel,27489172,17777.66,1777766,1777.766,15.462761690796201,false,false
2014-11-01,2014-11,62,Woven apparel,16982703,6788.24,678824,678.8240000000001,25.017829363723145,false,false
2014-11-01,2014-11,63,Made-ups / home textiles,7472398,15153.73,1515373,1515.373,4.9310618573776885,false,false
2014-11-01,2014-11,64,Footwear,6723272,3880.33,388033,388.033,17.32654696894336,false,false
2014-12-01,2014-12,52,Cotton yarn & woven cotton,794514,1430.65,143065,143.06500000000003,5.553517631845665,false,false
2014-12-01,2014-12,61,Knitted apparel,33309657,19656.14,1965614,1965.614,16.946184245736955,false,false
2014-12-01,2014-12,62,Woven apparel,24771731,9137.26,913726,913.7260000000001,27.110677599192755,false,false
2014-12-01,2014-12,63,Made-ups / home textiles,6880903,16523.07,1652307,1652.307,4.1644216238265646,false,false
2014-12-01,2014-12,64,Footwear,11988697,7247.75,724775,724.7750000000001,16.541267289848573,false,false
2015-01-01,2015-01,52,Cotton yarn & woven cotton,1204862,2286.63,228663,228.663,5.269160292657754,false,false
2015-01-01,2015-01,61,Knitted apparel,39458602,22501.44,2250144,2250.144,17.536034138259595,false,false
2015-01-01,2015-01,62,Woven apparel,35720915,12221.2,1222120,1222.1200000000001,29.228647759630807,false,false
2015-01-01,2015-01,63,Made-ups / home textiles,8600100,17753.75,1775375,1775.375,4.844103358445399,false,false
2015-01-01,2015-01,64,Footwear,17310718,9671.17,967117,967.1170000000001,17.89930070508532,false,false
2015-02-01,2015-02,52,Cotton yarn & woven cotton,821042,1487.23,148723,148.723,5.520612144725429,false,false
2015-02-01,2015-02,61,Knitted apparel,34152518,18618.49,1861849.0000000002,1861.8490000000002,18.343333965321566,false,false
2015-02-01,2015-02,62,Woven apparel,40558331,14761.82,1476182,1476.182,27.475156179929034,false,false
2015-02-01,2015-02,63,Made-ups / home textiles,8033855,17587.79,1758779,1758.7790000000002,4.567859293293814,false,false
2015-02-01,2015-02,64,Footwear,16359868,9141.94,914194,914.1940000000001,17.895400757388476,false,false
2015-03-01,2015-03,52,Cotton yarn & woven cotton,902239,1674.66,167466,167.466,5.387595093929514,false,false
2015-03-01,2015-03,61,Knitted apparel,40888949,22608.23,2260823,2260.823,18.08586917242084,false,false
2015-03-01,2015-03,62,Woven apparel,44587019,14769.73,1476973,1476.973,30.188107027007263,false,false
2015-03-01,2015-03,63,Made-ups / home textiles,9782610,19381.79,1938179,1938.179,5.047320190756375,false,false
2015-03-01,2015-03,64,Footwear,17714210,9307.34,930734,930.734,19.03251627210352,false,false
2015-04-01,2015-04,52,Cotton yarn & woven cotton,1005665,1958.39,195839,195.83900000000003,5.135162046374829,false,false
2015-04-01,2015-04,61,Knitted apparel,35623741,19181.39,1918139,1918.1390000000001,18.57203310083367,false,false
2015-04-01,2015-04,62,Woven apparel,38163955,13266.6,1326660,1326.66,28.76694480876788,false,false
2015-04-01,2015-04,63,Made-ups / home textiles,9626204,21036.37,2103637,2103.637,4.575981502512078,false,false
2015-04-01,2015-04,64,Footwear,14265248,8185.45,818545,818.5450000000001,17.427567207667263,false,false
2015-05-01,2015-05,52,Cotton yarn & woven cotton,623553,929.52,92952,92.952,6.708333333333333,false,false
2015-05-01,2015-05,61,Knitted apparel,27346274,14898.38,1489838,1489.838,18.355199692852512,false,false
2015-05-01,2015-05,62,Woven apparel,23951796,9044.48,904448,904.448,26.482225622700255,false,false
2015-05-01,2015-05,63,Made-ups / home textiles,7736486,16121.25,1612125,1612.125,4.798936807009382,false,false
2015-05-01,2015-05,64,Footwear,10464125,5452.62,545262,545.2620000000001,19.191003590934265,false,false
2015-06-01,2015-06,52,Cotton yarn & woven cotton,719142,1270.13,127013.00000000001,127.01300000000002,5.661955862785699,false,false
2015-06-01,2015-06,61,Knitted apparel,34657008,19350.53,1935053,1935.0529999999999,17.910107888517782,false,false
2015-06-01,2015-06,62,Woven apparel,25795317,9256.03,925603.0000000001,925.6030000000001,27.868661834501395,false,false
2015-06-01,2015-06,63,Made-ups / home textiles,8370557,17983.96,1798396,1798.396,4.654457082867177,false,false
2015-06-01,2015-06,64,Footwear,13596935,7051.14,705114,705.114,19.283314471135164,false,false
2015-07-01,2015-07,52,Cotton yarn & woven cotton,883247,1810.8,181080,181.08,4.877661806936161,false,false
2015-07-01,2015-07,61,Knitted apparel,34922910,18918.6,1891859.9999999998,1891.86,18.459563604072184,false,false
2015-07-01,2015-07,62,Woven apparel,26401730,9208.68,920868,920.868,28.670482631604095,false,false
2015-07-01,2015-07,63,Made-ups / home textiles,9627491,21156.36,2115636,2115.636,4.5506367825089,false,false
2015-07-01,2015-07,64,Footwear,15902065,8386.63,838662.9999999999,838.663,18.961209687323755,false,false
2015-08-01,2015-08,52,Cotton yarn & woven cotton,600330,2302.79,230279,230.279,2.60696806916827,false,false
2015-08-01,2015-08,61,Knitted apparel,28270015,15839.51,1583951,1583.951,17.847783801392847,false,false
2015-08-01,2015-08,62,Woven apparel,21289799,7679.06,767906,767.9060000000001,27.724485809461054,false,false
2015-08-01,2015-08,63,Made-ups / home textiles,8952311,21741.24,2174124,2174.1240000000003,4.117663481935713,false,false
2015-08-01,2015-08,64,Footwear,15180574,8155.32,815532,815.532,18.614320468111615,false,false
2015-09-01,2015-09,52,Cotton yarn & woven cotton,615642,1363.43,136343,136.34300000000002,4.515391329221155,false,false
2015-09-01,2015-09,61,Knitted apparel,20295407,11409.51,1140951,1140.951,17.788149534905532,false,false
2015-09-01,2015-09,62,Woven apparel,16189183,5897.2,589720,589.72,27.452321440683715,false,false
2015-09-01,2015-09,63,Made-ups / home textiles,9014468,20693.61,2069361,2069.3610000000003,4.3561601866469895,false,false
2015-09-01,2015-09,64,Footwear,10609442,5652.69,565269,565.269,18.76883749153058,false,false
2015-10-01,2015-10,52,Cotton yarn & woven cotton,885218,1798.91,179891,179.89100000000002,4.920857630453997,false,false
2015-10-01,2015-10,61,Knitted apparel,19079376,10889.43,1088943,1088.943,17.521005231678792,false,false
2015-10-01,2015-10,62,Woven apparel,15580189,6469.09,646909,646.9090000000001,24.084050461502315,false,false
2015-10-01,2015-10,63,Made-ups / home textiles,12213664,27513.18,2751318,2751.318,4.439204773857475,false,false
2015-10-01,2015-10,64,Footwear,8516440,4759.11,475910.99999999994,475.911,17.895026591106323,false,false
2015-11-01,2015-11,52,Cotton yarn & woven cotton,650832,1324.22,132422,132.422,4.914832882753621,false,false
2015-11-01,2015-11,61,Knitted apparel,18599668,10685.78,1068578,1068.5780000000002,17.405999374870156,false,false
2015-11-01,2015-11,62,Woven apparel,16229866,6250.93,625093,625.0930000000001,25.963922168381345,false,false
2015-11-01,2015-11,63,Made-ups / home textiles,8036548,18565.69,1856568.9999999998,1856.569,4.328709571257519,false,false
2015-11-01,2015-11,64,Footwear,12491187,5629.92,562992,562.9920000000001,22.187148307613608,false,false
2015-12-01,2015-12,52,Cotton yarn & woven cotton,605989,997.85,99785,99.78500000000001,6.072946835696748,false,false
2015-12-01,2015-12,61,Knitted apparel,26967839,14905.36,1490536,1490.536,18.09271228605012,false,false
2015-12-01,2015-12,62,Woven apparel,25140269,8984.32,898432,898.432,27.982383753027495,false,false
2015-12-01,2015-12,63,Made-ups / home textiles,7642455,15595.23,1559523,1559.5230000000001,4.900508039958372,false,false
2015-12-01,2015-12,64,Footwear,12267293,6071.53,607153,607.153,20.204615640538712,false,false
2016-01-01,2016-01,52,Cotton yarn & woven cotton,950367,3710.35,371035,371.035,2.561394477609929,false,false
2016-01-01,2016-01,61,Knitted apparel,28313979,14977.61,1497761,1497.7610000000002,18.90420367468508,false,false
2016-01-01,2016-01,62,Woven apparel,30389929,9544.92,954492,954.4920000000001,31.838851451871783,false,false
2016-01-01,2016-01,63,Made-ups / home textiles,7675511,16899.73,1689973,1689.973,4.541795046429736,false,false
2016-01-01,2016-01,64,Footwear,14824004,7073.28,707328,707.328,20.95775085957293,false,false
2016-02-01,2016-02,52,Cotton yarn & woven cotton,1041511,2716.33,271633,271.633,3.834257987799715,false,false
2016-02-01,2016-02,61,Knitted apparel,30645578,16041.08,1604108,1604.1080000000002,19.1044356115673,false,false
2016-02-01,2016-02,62,Woven apparel,40741067,13055.12,1305512,1305.5120000000002,31.20696477703767,false,false
2016-02-01,2016-02,63,Made-ups / home textiles,8742031,17096.14,1709614,1709.614,5.1134530952601,false,false
2016-02-01,2016-02,64,Footwear,18914742,8768.61,876861,876.8610000000001,21.570969629165855,false,false
2016-03-01,2016-03,52,Cotton yarn & woven cotton,1114308,3033.99,303399,303.399,3.672747767790929,false,false
2016-03-01,2016-03,61,Knitted apparel,31174602,16065.3,1606530,1606.53,19.404929879927547,false,false
2016-03-01,2016-03,62,Woven apparel,40844730,13795.81,1379581,1379.5810000000001,29.606619691051122,false,false
2016-03-01,2016-03,63,Made-ups / home textiles,10485187,26075.19,2607519,2607.5190000000002,4.021135416462929,false,false
2016-03-01,2016-03,64,Footwear,18899457,8777.62,877762.0000000001,877.7620000000002,21.53141398237791,false,false
2016-04-01,2016-04,52,Cotton yarn & woven cotton,992252,2972.29,297229,297.229,3.338341817252018,false,false
2016-04-01,2016-04,61,Knitted apparel,26695692,14552.33,1455233,1455.2330000000002,18.344616978861804,false,false
2016-04-01,2016-04,62,Woven apparel,31905493,10998.98,1099898,1099.898,29.00768343973714,false,false
2016-04-01,2016-04,63,Made-ups / home textiles,8932229,21304.33,2130433,2130.4330000000004,4.192682426530194,false,false
2016-04-01,2016-04,64,Footwear,13000382,6503,650300,650.3000000000001,19.99136091034907,false,false
2016-05-01,2016-05,52,Cotton yarn & woven cotton,789779,2638.39,263839,263.839,2.9934126493808724,false,false
2016-05-01,2016-05,61,Knitted apparel,27402948,15345.32,1534532,1534.5320000000002,17.857527897756448,false,false
2016-05-01,2016-05,62,Woven apparel,26022414,9560.25,956025,956.0250000000001,27.219386522318977,false,false
2016-05-01,2016-05,63,Made-ups / home textiles,8663545,21519.78,2151978,2151.978,4.02585203008581,false,false
2016-05-01,2016-05,64,Footwear,9507921,4568.12,456812,456.812,20.813641060217332,false,false
2016-06-01,2016-06,52,Cotton yarn & woven cotton,1407626,1771.04,177104,177.104,7.948019242930707,false,false
2016-06-01,2016-06,61,Knitted apparel,37254921,21506.78,2150678,2150.678,17.322407631453896,false,false
2016-06-01,2016-06,62,Woven apparel,40075385,12374.77,1237477,1237.477,32.38475139335923,false,false
2016-06-01,2016-06,63,Made-ups / home textiles,9717362,21073.3,2107330,2107.33,4.611219884878021,false,false
2016-06-01,2016-06,64,Footwear,11945295,5992.29,599229,599.229,19.934440756371938,false,false
2016-07-01,2016-07,52,Cotton yarn & woven cotton,665321,1281.67,128167,128.167,5.191047617561463,false,false
2016-07-01,2016-07,61,Knitted apparel,30447569,17382.63,1738263,1738.2630000000001,17.516088762172352,false,false
2016-07-01,2016-07,62,Woven apparel,29351565,11260.27,1126027,1126.027,26.066484196204886,false,false
2016-07-01,2016-07,63,Made-ups / home textiles,8646604,20336.69,2033668.9999999998,2033.6689999999999,4.251726313377448,false,false
2016-07-01,2016-07,64,Footwear,14379474,7432.37,743237,743.2370000000001,19.347091170111284,false,false
2016-08-01,2016-08,52,Cotton yarn & woven cotton,373970,448.44,44844,44.844,8.339354205690839,false,false
2016-08-01,2016-08,61,Knitted apparel,32752870,19672.29,1967229,1967.2290000000003,16.649241140711123,false,false
2016-08-01,2016-08,62,Woven apparel,23736986,9512.51,951251,951.2510000000001,24.953441310442773,false,false
2016-08-01,2016-08,63,Made-ups / home textiles,9850297,25114.15,2511415,2511.4150000000004,3.9222099891893616,false,false
2016-08-01,2016-08,64,Footwear,14643020,7484.56,748456,748.4560000000001,19.56430304520239,false,false
2016-09-01,2016-09,52,Cotton yarn & woven cotton,763644,1194.91,119491.00000000001,119.49100000000001,6.3908076758919075,false,false
2016-09-01,2016-09,61,Knitted apparel,20793310,12102.85,1210285,1210.285,17.18050707064865,false,false
2016-09-01,2016-09,62,Woven apparel,16661879,7265.33,726533,726.533,22.933409769411714,false,false
2016-09-01,2016-09,63,Made-ups / home textiles,9702074,22981.94,2298194,2298.194,4.221607923439014,false,false
2016-09-01,2016-09,64,Footwear,15258284,7955.34,795534,795.5340000000001,19.179926942154577,false,false
2016-10-01,2016-10,52,Cotton yarn & woven cotton,812095,1371.26,137126,137.126,5.922253985385703,false,false
2016-10-01,2016-10,61,Knitted apparel,18297842,10922.81,1092281,1092.281,16.751954854108053,false,false
2016-10-01,2016-10,62,Woven apparel,12329381,5147.84,514784,514.784,23.950590927456954,false,false
2016-10-01,2016-10,63,Made-ups / home textiles,8707923,17630.63,1763063,1763.063,4.939087826129866,false,false
2016-10-01,2016-10,64,Footwear,8160143,4466.43,446643,446.64300000000003,18.2699449000656,false,false
2016-11-01,2016-11,52,Cotton yarn & woven cotton,1045756,1687.94,168794,168.794,6.195457184497079,false,false
2016-11-01,2016-11,61,Knitted apparel,21572026,12511.29,1251129,1251.1290000000001,17.2420477824429,false,false
2016-11-01,2016-11,62,Woven apparel,15000037,5980.65,598065,598.0649999999999,25.080947723073578,false,false
2016-11-01,2016-11,63,Made-ups / home textiles,8206023,18528.74,1852874.0000000002,1852.8740000000003,4.4288078951941685,false,false
2016-11-01,2016-11,64,Footwear,8394372,4582.72,458272,458.27200000000005,18.317444661685638,false,false
2016-12-01,2016-12,52,Cotton yarn & woven cotton,847222,1923.71,192371,192.371,4.404104568775959,false,false
2016-12-01,2016-12,61,Knitted apparel,25383301,14255.03,1425503,1425.5030000000002,17.806557404649446,false,false
2016-12-01,2016-12,62,Woven apparel,24298007,8998.39,899839,899.8389999999999,27.002616023533097,false,false
2016-12-01,2016-12,63,Made-ups / home textiles,8212267,17960.48,1796048,1796.048,4.572409534711767,false,false
2016-12-01,2016-12,64,Footwear,9841326,5458.12,545812,545.812,18.03061493701128,false,false
2017-01-01,2017-01,52,Cotton yarn & woven cotton,770936,1688.57,168857,168.857,4.5656146917213976,false,false
2017-01-01,2017-01,61,Knitted apparel,26153482,13642.33,1364233,1364.2330000000002,19.170832255193943,false,false
2017-01-01,2017-01,62,Woven apparel,31768646,10564.26,1056426,1056.4260000000002,30.071813832677346,false,false
2017-01-01,2017-01,63,Made-ups / home textiles,9481996,20030.32,2003032,2003.0320000000002,4.733821526565726,false,false
2017-01-01,2017-01,64,Footwear,13222585,6068.97,606897,606.897,21.787197827637968,false,false
2017-02-01,2017-02,52,Cotton yarn & woven cotton,639678,1328.97,132897,132.89700000000002,4.81333664416804,false,false
2017-02-01,2017-02,61,Knitted apparel,27900569,14448.88,1444888,1444.888,19.309848929467197,false,false
2017-02-01,2017-02,62,Woven apparel,35094596,11005.78,1100578,1100.5780000000002,31.887422790570046,false,false
2017-02-01,2017-02,63,Made-ups / home textiles,8393683,17600.64,1760064,1760.064,4.768964651285407,false,false
2017-02-01,2017-02,64,Footwear,19304303,9077.79,907779.0000000001,907.7790000000001,21.265421429665146,false,false
2017-03-01,2017-03,52,Cotton yarn & woven cotton,886099,1809.22,180922,180.92200000000003,4.897685190303004,false,false
2017-03-01,2017-03,61,Knitted apparel,34200510,17570.13,1757013,1757.0130000000001,19.465143399621972,false,false
2017-03-01,2017-03,62,Woven apparel,44417082,14705.56,1470556,1470.556,30.204277837770203,false,false
2017-03-01,2017-03,63,Made-ups / home textiles,11467584,26391.3,2639130,2639.13,4.34521376362665,false,false
2017-03-01,2017-03,64,Footwear,17153217,8575.55,857554.9999999999,857.555,20.002468646325894,false,false
2017-04-01,2017-04,52,Cotton yarn & woven cotton,560969,1708.73,170873,170.87300000000002,3.282958688616692,false,false
2017-04-01,2017-04,61,Knitted apparel,28212026,14566.39,1456639,1456.6390000000001,19.367891426770807,false,false
2017-04-01,2017-04,62,Woven apparel,34140407,12255.63,1225563,1225.5629999999999,27.85691718826368,false,false
2017-04-01,2017-04,63,Made-ups / home textiles,8980068,21681.82,2168182,2168.1820000000002,4.141750092935003,false,false
2017-04-01,2017-04,64,Footwear,12824456,6570.81,657081,657.0810000000001,19.517313694963025,false,false
2017-05-01,2017-05,52,Cotton yarn & woven cotton,785194,1727.4,172740,172.74,4.545525066574042,false,false
2017-05-01,2017-05,61,Knitted apparel,28954173,14953.08,1495308,1495.308,19.36335056055341,false,false
2017-05-01,2017-05,62,Woven apparel,29554764,10469.66,1046966,1046.9660000000001,28.228962545106526,false,false
2017-05-01,2017-05,63,Made-ups / home textiles,10340767,24541.68,2454168,2454.168,4.213553024894791,false,false
2017-05-01,2017-05,64,Footwear,12045460,6421.51,642151,642.1510000000001,18.75798682864311,false,false
2017-06-01,2017-06,52,Cotton yarn & woven cotton,864482,2340.12,234012,234.012,3.6941780763379657,false,false
2017-06-01,2017-06,61,Knitted apparel,35352870,19665.19,1966518.9999999998,1966.519,17.97738542063413,false,false
2017-06-01,2017-06,62,Woven apparel,34592981,12687.74,1268774,1268.7740000000001,27.264887994236958,false,false
2017-06-01,2017-06,63,Made-ups / home textiles,10000886,24013.07,2401307,2401.3070000000002,4.164767770218469,false,false
2017-06-01,2017-06,64,Footwear,13782501,6548.23,654823,654.823,21.04767395158692,false,false
2017-07-01,2017-07,52,Cotton yarn & woven cotton,675371,1651.35,165135,165.135,4.089811366457747,false,false
2017-07-01,2017-07,61,Knitted apparel,32958798,18265.26,1826525.9999999998,1826.5259999999998,18.044527151543424,false,false
2017-07-01,2017-07,62,Woven apparel,27669325,10026.53,1002653.0000000001,1002.6530000000001,27.596112513501676,false,false
2017-07-01,2017-07,63,Made-ups / home textiles,8230311,20363.48,2036348,2036.348,4.041701614851686,false,false
2017-07-01,2017-07,64,Footwear,16154795,8333.07,833307,833.307,19.38636660918485,false,false
2017-08-01,2017-08,52,Cotton yarn & woven cotton,414948,1023.05,102305,102.305,4.055989443331216,false,false
2017-08-01,2017-08,61,Knitted apparel,30074020,18060.21,1806021,1806.021,16.65208765568064,false,false
2017-08-01,2017-08,62,Woven apparel,24690782,9831.23,983123,983.123,25.114641809824406,false,false
2017-08-01,2017-08,63,Made-ups / home textiles,10109798,25740.39,2574039,2574.039,3.9276009415552755,false,false
2017-08-01,2017-08,64,Footwear,15012612,7579.94,757994,757.994,19.805713501689986,false,false
2017-09-01,2017-09,52,Cotton yarn & woven cotton,578172,1061.34,106133.99999999999,106.134,5.447566284131382,false,false
2017-09-01,2017-09,61,Knitted apparel,22076773,13799.96,1379996,1379.996,15.99770796437091,false,false
2017-09-01,2017-09,62,Woven apparel,15375352,6589.07,658907,658.907,23.33463144267704,false,false
2017-09-01,2017-09,63,Made-ups / home textiles,12128443,33588.34,3358833.9999999995,3358.834,3.6109087260638666,false,false
2017-09-01,2017-09,64,Footwear,12568269,6728.23,672823,672.823,18.679903927184416,false,false
2017-10-01,2017-10,52,Cotton yarn & woven cotton,752074,1627.94,162794,162.794,4.619789427128764,false,false
2017-10-01,2017-10,61,Knitted apparel,16408492,10331.69,1033169,1033.169,15.88171151089512,false,false
2017-10-01,2017-10,62,Woven apparel,12582627,5185.29,518529,518.529,24.266004408625168,false,false
2017-10-01,2017-10,63,Made-ups / home textiles,11711244,29987.96,2998796,2998.7960000000003,3.905315333220399,false,false
2017-10-01,2017-10,64,Footwear,8992643,5001.6,500160.00000000006,500.1600000000001,17.979532549584132,false,false
2017-11-01,2017-11,52,Cotton yarn & woven cotton,712380,1218.73,121873,121.873,5.845265153069178,false,false
2017-11-01,2017-11,61,Knitted apparel,23212368,14411.89,1441189,1441.189,16.10640103414611,false,false
2017-11-01,2017-11,62,Woven apparel,16402554,6907.67,690767,690.767,23.745422117732897,false,false
2017-11-01,2017-11,63,Made-ups / home textiles,10089277,26335.19,2633519,2633.5190000000002,3.8311008957976003,false,false
2017-11-01,2017-11,64,Footwear,8123095,4019.26,401926,401.92600000000004,20.21042430696198,false,false
2017-12-01,2017-12,52,Cotton yarn & woven cotton,538658,1118.5,111850,111.85000000000001,4.81589628967367,false,false
2017-12-01,2017-12,61,Knitted apparel,25258681,14452.62,1445262,1445.2620000000002,17.476887235670763,false,false
2017-12-01,2017-12,62,Woven apparel,21583839,7979.96,797996,797.9960000000001,27.0475528699392,false,false
2017-12-01,2017-12,63,Made-ups / home textiles,8253389,19493.71,1949371,1949.371,4.233872874891439,false,false
2017-12-01,2017-12,64,Footwear,9819787,5466.89,546689,546.6890000000001,17.962291174689813,false,false
2018-01-01,2018-01,52,Cotton yarn & woven cotton,1062459,1991.23,199123,199.12300000000002,5.335692009461488,false,false
2018-01-01,2018-01,61,Knitted apparel,29293099,15505.18,1550518,1550.518,18.892459810205363,false,false
2018-01-01,2018-01,62,Woven apparel,33624275,11158.96,1115896,1115.896,30.13208668191301,false,false
2018-01-01,2018-01,63,Made-ups / home textiles,11435259,29999.08,2999908,2999.9080000000004,3.8118698973435183,false,false
2018-01-01,2018-01,64,Footwear,17780005,8339.42,833942,833.942,21.320433555331185,false,false
2018-02-01,2018-02,52,Cotton yarn & woven cotton,343332,590.93,59092.99999999999,59.092999999999996,5.810028260538474,false,false
2018-02-01,2018-02,61,Knitted apparel,29909778,16073.82,1607382,1607.382,18.607759698690167,false,false
2018-02-01,2018-02,62,Woven apparel,36135958,12340.36,1234036,1234.036,29.282742156630764,false,false
2018-02-01,2018-02,63,Made-ups / home textiles,11169811,27715.91,2771591,2771.5910000000003,4.030107977692235,false,false
2018-02-01,2018-02,64,Footwear,17708550,8198.12,819812.0000000001,819.8120000000001,21.60074504886486,false,false
2018-03-01,2018-03,52,Cotton yarn & woven cotton,623545,1193.04,119304,119.304,5.226522161872192,false,false
2018-03-01,2018-03,61,Knitted apparel,29080056,15263.56,1526356,1526.356,19.051948562458563,false,false
2018-03-01,2018-03,62,Woven apparel,40477406,13596.3,1359630,1359.63,29.770897964887507,false,false
2018-03-01,2018-03,63,Made-ups / home textiles,11791968,30850.45,3085045,3085.045,3.8223001609376848,false,false
2018-03-01,2018-03,64,Footwear,20721621,10451.38,1045137.9999999999,1045.138,19.826684131664912,false,false
2018-04-01,2018-04,52,Cotton yarn & woven cotton,711700,1459.08,145908,145.908,4.877731173067961,false,false
2018-04-01,2018-04,61,Knitted apparel,27324565,14687.1,1468710,1468.71,18.604465823750093,false,false
2018-04-01,2018-04,62,Woven apparel,34301975,12215.45,1221545,1221.545,28.080811595152042,false,false
2018-04-01,2018-04,63,Made-ups / home textiles,10571032,28240.52,2824052,2824.052,3.7432143600755228,false,false
2018-04-01,2018-04,64,Footwear,13213748,7065.84,706584,706.5840000000001,18.70088765100823,false,false
2018-05-01,2018-05,52,Cotton yarn & woven cotton,649307,2398.74,239873.99999999997,239.874,2.7068669384760335,false,false
2018-05-01,2018-05,61,Knitted apparel,29269057,16460.41,1646041,1646.0410000000002,17.781487216904075,false,false
2018-05-01,2018-05,62,Woven apparel,27594916,10878.21,1087821,1087.821,25.36714772007527,false,false
2018-05-01,2018-05,63,Made-ups / home textiles,11214299,33679.51,3367951,3367.9510000000005,3.329709666203576,false,false
2018-05-01,2018-05,64,Footwear,11972722,6472.62,647262,647.2620000000001,18.497489424684286,false,false
2018-06-01,2018-06,52,Cotton yarn & woven cotton,715510,1230.61,123060.99999999999,123.06099999999999,5.814270971306914,false,false
2018-06-01,2018-06,61,Knitted apparel,34917863,19128.68,1912868,1912.8680000000002,18.254193702858743,false,false
2018-06-01,2018-06,62,Woven apparel,29871876,10971.31,1097131,1097.131,27.227264565489445,false,false
2018-06-01,2018-06,63,Made-ups / home textiles,8824243,21485.32,2148532,2148.532,4.107103361737224,false,false
2018-06-01,2018-06,64,Footwear,9970115,5096.67,509667,509.66700000000003,19.562017945050396,false,false
2018-07-01,2018-07,52,Cotton yarn & woven cotton,438943,829.24,82924,82.924,5.293316771983985,false,false
2018-07-01,2018-07,61,Knitted apparel,33456438,18613.4,1861340.0000000002,1861.3400000000001,17.974382971407692,false,false
2018-07-01,2018-07,62,Woven apparel,29668648,9981.87,998187.0000000001,998.1870000000001,29.722534955875,false,false
2018-07-01,2018-07,63,Made-ups / home textiles,12086438,31697.23,3169723,3169.723,3.8130896611470466,false,false
2018-07-01,2018-07,64,Footwear,16998562,8611.76,861176,861.176,19.738778135944337,false,false
2018-08-01,2018-08,52,Cotton yarn & woven cotton,368660,375.88,37588,37.588,9.807917420453336,false,false
2018-08-01,2018-08,61,Knitted apparel,28941839,16490.92,1649091.9999999998,1649.0919999999999,17.550166394597756,false,false
2018-08-01,2018-08,62,Woven apparel,21688024,8014.06,801406,801.4060000000001,27.062467712994412,false,false
2018-08-01,2018-08,63,Made-ups / home textiles,9803090,22357.43,2235743,2235.743,4.384712375259589,false,false
2018-08-01,2018-08,64,Footwear,16786700,8553.58,855358,855.3580000000001,19.62534985351163,false,false
2018-09-01,2018-09,52,Cotton yarn & woven cotton,663727,1632.36,163236,163.236,4.066057732362959,false,false
2018-09-01,2018-09,61,Knitted apparel,20432583,11978.39,1197839,1197.839,17.057870882480866,false,false
2018-09-01,2018-09,62,Woven apparel,14457212,5016.06,501606.00000000006,501.60600000000005,28.821848223506095,false,false
2018-09-01,2018-09,63,Made-ups / home textiles,12850525,33273.23,3327323.0000000005,3327.3230000000003,3.8621212908996205,false,false
2018-09-01,2018-09,64,Footwear,11874752,6679.68,667968,667.9680000000001,17.777426463543165,false,false
2018-10-01,2018-10,52,Cotton yarn & woven cotton,1030423,2383.44,238344,238.34400000000002,4.323259658308999,false,false
2018-10-01,2018-10,61,Knitted apparel,19278302,11585.78,1158578,1158.5780000000002,16.63962374566063,false,false
2018-10-01,2018-10,62,Woven apparel,11858489,4261.19,426118.99999999994,426.11899999999997,27.8290547945527,false,false
2018-10-01,2018-10,63,Made-ups / home textiles,11856299,29235.85,2923585,2923.585,4.05539739737343,false,false
2018-10-01,2018-10,64,Footwear,9214300,5000.29,500029,500.029,18.427531203190213,false,false
2018-11-01,2018-11,52,Cotton yarn & woven cotton,705830,1187.21,118721,118.721,5.945283479755056,false,false
2018-11-01,2018-11,61,Knitted apparel,24901449,15096.91,1509691,1509.691,16.494401172160394,false,false
2018-11-01,2018-11,62,Woven apparel,14881492,5885.43,588543,588.543,25.285309654519722,false,false
2018-11-01,2018-11,63,Made-ups / home textiles,10562896,26558.44,2655844,2655.844,3.9772275781258237,false,false
2018-11-01,2018-11,64,Footwear,6661929,3667.83,366783,366.783,18.16313460547517,false,false
2018-12-01,2018-12,52,Cotton yarn & woven cotton,697441,1324.56,132456,132.456,5.26545418856073,false,false
2018-12-01,2018-12,61,Knitted apparel,26455601,15073.99,1507399,1507.3990000000001,17.550496583850727,false,false
2018-12-01,2018-12,62,Woven apparel,20264124,7056.27,705627,705.6270000000001,28.71789769949279,false,false
2018-12-01,2018-12,63,Made-ups / home textiles,7742483,18040.9,1804090.0000000002,1804.0900000000001,4.291627912132986,false,false
2018-12-01,2018-12,64,Footwear,7197224,3608.25,360825,360.82500000000005,19.94657798101573,false,false
2019-01-01,2019-01,52,Cotton yarn & woven cotton,529614,652.02,65202,65.202,8.122664948927946,false,false
2019-01-01,2019-01,61,Knitted apparel,33233388,17434.89,1743489,1743.489,19.06142682861779,false,false
2019-01-01,2019-01,62,Woven apparel,32997501,10372.57,1037257,1037.257,31.81227121147411,false,false
2019-01-01,2019-01,63,Made-ups / home textiles,12583145,30651.04,3065104,3065.1040000000003,4.105291370211256,false,false
2019-01-01,2019-01,64,Footwear,18045138,9191.3,919129.9999999999,919.13,19.63284627854602,false,false
2019-02-01,2019-02,52,Cotton yarn & woven cotton,574221,706.73,70673,70.673,8.125040680316387,false,false
2019-02-01,2019-02,61,Knitted apparel,29509810,15321.19,1532119,1532.1190000000001,19.260781962758767,false,false
2019-02-01,2019-02,62,Woven apparel,38609917,11643.3,1164330,1164.33,33.16063057724185,false,false
2019-02-01,2019-02,63,Made-ups / home textiles,10402786,24450.85,2445085,2445.085,4.254570291012378,false,false
2019-02-01,2019-02,64,Footwear,17360096,8384.66,838466,838.466,20.704591480155425,false,false
2019-03-01,2019-03,52,Cotton yarn & woven cotton,316190,483.17,48317,48.31700000000001,6.5440735144980025,false,false
2019-03-01,2019-03,61,Knitted apparel,29415399,14989.23,1498923,1498.923,19.624356287814653,false,false
2019-03-01,2019-03,62,Woven apparel,35405354,11941.38,1194138,1194.138,29.649298489789288,false,false
2019-03-01,2019-03,63,Made-ups / home textiles,9432801,24821.57,2482157,2482.157,3.800243497893163,false,false
2019-03-01,2019-03,64,Footwear,15979147,7568.1,756810,756.8100000000001,21.113815885096656,false,false
2019-04-01,2019-04,52,Cotton yarn & woven cotton,765546,1278.71,127871,127.87100000000001,5.98686175911661,false,false
2019-04-01,2019-04,61,Knitted apparel,30550204,16062.3,1606230,1606.23,19.019819079459356,false,false
2019-04-01,2019-04,62,Woven apparel,37664687,13678.06,1367806,1367.806,27.536570975708543,false,false
2019-04-01,2019-04,63,Made-ups / home textiles,12220227,31224.93,3122493,3122.4930000000004,3.9136122963286066,false,false
2019-04-01,2019-04,64,Footwear,14882707,7599.61,759961,759.961,19.5835141540158,false,false
2019-05-01,2019-05,52,Cotton yarn & woven cotton,733105,1454.87,145487,145.487,5.038972554248833,false,false
2019-05-01,2019-05,61,Knitted apparel,27971242,14916.45,1491645,1491.6450000000002,18.751942989116042,false,false
2019-05-01,2019-05,62,Woven apparel,28579419,10614.03,1061403,1061.403,26.926077088532818,false,false
2019-05-01,2019-05,63,Made-ups / home textiles,11693010,31034.31,3103431,3103.4310000000005,3.767768640578766,false,false
2019-05-01,2019-05,64,Footwear,9740628,5221.26,522126,522.1260000000001,18.655703795635535,false,false
2019-06-01,2019-06,52,Cotton yarn & woven cotton,579284,808.87,80887,80.887,7.1616452581997105,false,false
2019-06-01,2019-06,61,Knitted apparel,35880377,19606.63,1960663,1960.6630000000002,18.300124498702736,false,false
2019-06-01,2019-06,62,Woven apparel,30836778,12549.04,1254904,1254.9040000000002,24.573017537596503,false,false
2019-06-01,2019-06,63,Made-ups / home textiles,9785199,23514.5,2351450,2351.4500000000003,4.161346828552595,false,false
2019-06-01,2019-06,64,Footwear,9944685,5049.15,504914.99999999994,504.91499999999996,19.69576067258846,false,false
2019-07-01,2019-07,52,Cotton yarn & woven cotton,962342,1760.71,176071,176.07100000000003,5.46564738088612,false,false
2019-07-01,2019-07,61,Knitted apparel,37367819,21324.44,2132444,2132.444,17.523470252911682,false,false
2019-07-01,2019-07,62,Woven apparel,33553313,11020.67,1102067,1102.067,30.44580138957069,false,false
2019-07-01,2019-07,63,Made-ups / home textiles,12152727,27577.21,2757721,2757.721,4.406800760483022,false,false
2019-07-01,2019-07,64,Footwear,15485449,7655.31,765531,765.5310000000001,20.22837612062738,false,false
2019-08-01,2019-08,52,Cotton yarn & woven cotton,550255,763.07,76307,76.307,7.211068447193574,false,false
2019-08-01,2019-08,61,Knitted apparel,26663933,14856.84,1485684,1485.6840000000002,17.947243828431887,false,false
2019-08-01,2019-08,62,Woven apparel,22496804,8487.27,848727,848.7270000000001,26.50652565548168,false,false
2019-08-01,2019-08,63,Made-ups / home textiles,10455112,25429.62,2542962,2542.962,4.111391361726994,false,false
2019-08-01,2019-08,64,Footwear,15344547,8387.22,838721.9999999999,838.722,18.29515262506528,false,false
2019-09-01,2019-09,52,Cotton yarn & woven cotton,633880,1344.25,134425,134.425,4.715491909986982,false,false
2019-09-01,2019-09,61,Knitted apparel,20672713,11563.15,1156315,1156.315,17.87809809610703,false,false
2019-09-01,2019-09,62,Woven apparel,14792310,6034.4,603440,603.4399999999999,24.5133070396394,false,false
2019-09-01,2019-09,63,Made-ups / home textiles,10485906,26457.63,2645763,2645.7630000000004,3.9632824255233747,false,false
2019-09-01,2019-09,64,Footwear,11064559,5727.55,572755,572.755,19.31813602674791,false,false
2019-10-01,2019-10,52,Cotton yarn & woven cotton,568979,839.48,83948,83.94800000000001,6.7777552770762854,false,false
2019-10-01,2019-10,61,Knitted apparel,17111402,9552.07,955207,955.207,17.913815539458987,false,false
2019-10-01,2019-10,62,Woven apparel,13033846,4763.43,476343,476.3430000000001,27.36231245132184,false,false
2019-10-01,2019-10,63,Made-ups / home textiles,10760034,27677.5,2767750,2767.75,3.8876466443862343,false,false
2019-10-01,2019-10,64,Footwear,8186021,5360.2,536020,536.02,15.271857393380843,false,false
2019-11-01,2019-11,52,Cotton yarn & woven cotton,864702,1127.23,112723,112.72300000000001,7.671034305332541,false,false
2019-11-01,2019-11,61,Knitted apparel,18642354,10485.1,1048510,1048.51,17.77985331565746,false,false
2019-11-01,2019-11,62,Woven apparel,14593570,5702.58,570258,570.258,25.591171013821814,false,false
2019-11-01,2019-11,63,Made-ups / home textiles,9418047,25211.62,2521162,2521.1620000000003,3.735597712483371,false,false
2019-11-01,2019-11,64,Footwear,7337567,3795.23,379523,379.523,19.33365566777244,false,false
2019-12-01,2019-12,52,Cotton yarn & woven cotton,537793,623.45,62345.00000000001,62.345000000000006,8.626080680086615,false,false
2019-12-01,2019-12,61,Knitted apparel,23880978,13764.32,1376432,1376.432,17.34991485231381,false,false
2019-12-01,2019-12,62,Woven apparel,19350796,6785.51,678551,678.551,28.517821062823575,false,false
2019-12-01,2019-12,63,Made-ups / home textiles,7318809,17169.35,1716934.9999999998,1716.935,4.262717575213972,false,false
2019-12-01,2019-12,64,Footwear,8527503,3965.83,396583,396.583,21.502442111739533,false,false
2020-01-01,2020-01,52,Cotton yarn & woven cotton,580132,1033.13,103313.00000000001,103.31300000000002,5.615285588454501,false,false
2020-01-01,2020-01,61,Knitted apparel,26235749,13279.35,1327935,1327.9350000000002,19.756802102512548,false,false
2020-01-01,2020-01,62,Woven apparel,30077347,9593.99,959399,959.399,31.35019632082168,false,false
2020-01-01,2020-01,63,Made-ups / home textiles,8874964,18936.2,1893620,1893.6200000000001,4.686771369123689,false,false
2020-01-01,2020-01,64,Footwear,13349830,6458.67,645867,645.8670000000001,20.669627028474903,false,false
2020-02-01,2020-02,52,Cotton yarn & woven cotton,624779,1006.61,100661,100.661,6.206763294622545,false,false
2020-02-01,2020-02,61,Knitted apparel,28233242,14437.64,1443764,1443.7640000000001,19.555302667194916,false,false
2020-02-01,2020-02,62,Woven apparel,36845943,12012.8,1201280,1201.28,30.672235448854554,false,false
2020-02-01,2020-02,63,Made-ups / home textiles,14202329,35472.42,3547242,3547.242,4.0037665882395395,false,false
2020-02-01,2020-02,64,Footwear,17490299,8354,835400,835.4000000000001,20.936436437634665,false,false
2020-03-01,2020-03,52,Cotton yarn & woven cotton,678094,1243.3,124330,124.33,5.453985361537843,false,false
2020-03-01,2020-03,61,Knitted apparel,17682829,8788.85,878885,878.8850000000001,20.119616332057095,false,false
2020-03-01,2020-03,62,Woven apparel,26577933,8881.21,888120.9999999999,888.121,29.92602697155005,false,false
2020-03-01,2020-03,63,Made-ups / home textiles,11740634,29416.81,2941681,2941.6810000000005,3.9911309214017425,false,false
2020-03-01,2020-03,64,Footwear,15687718,7413.5,741350,741.35,21.161014365684224,false,false
2020-04-01,2020-04,52,Cotton yarn & woven cotton,370131,732.49,73249,73.24900000000001,5.053051918797526,false,false
2020-04-01,2020-04,61,Knitted apparel,13533384,7943.63,794363,794.363,17.036775378510832,false,false
2020-04-01,2020-04,62,Woven apparel,16271811,6877.94,687794,687.794,23.657971718276112,false,false
2020-04-01,2020-04,63,Made-ups / home textiles,8718535,22840.73,2284073,2284.073,3.8170999788535656,false,false
2020-04-01,2020-04,64,Footwear,9416824,5527,552700,552.7,17.037857789035645,false,false
2020-05-01,2020-05,52,Cotton yarn & woven cotton,169403,310.75,31075,31.075000000000003,5.451423974255833,false,false
2020-05-01,2020-05,61,Knitted apparel,13149950,5569.18,556918,556.918,23.612003921582712,false,false
2020-05-01,2020-05,62,Woven apparel,12932543,4422.73,442272.99999999994,442.27299999999997,29.24108638781929,false,false
2020-05-01,2020-05,63,Made-ups / home textiles,3262029,7387.25,738725,738.725,4.415755524721649,false,false
2020-05-01,2020-05,64,Footwear,4424245,2298.39,229839,229.839,19.24932235173317,false,false
2020-06-01,2020-06,52,Cotton yarn & woven cotton,367287,1017.92,101792,101.792,3.6082108613643507,false,false
2020-06-01,2020-06,61,Knitted apparel,18334669,8982.6,898260,898.2600000000001,20.41131632266827,false,false
2020-06-01,2020-06,62,Woven apparel,17567955,5480.64,548064,548.0640000000001,32.05456844456122,false,false
2020-06-01,2020-06,63,Made-ups / home textiles,5588319,14127.18,1412718,1412.718,3.955721524040891,false,false
2020-06-01,2020-06,64,Footwear,7180349,3082.33,308233,308.233,23.29519876197552,false,false
2020-07-01,2020-07,52,Cotton yarn & woven cotton,818958,3495.11,349511,349.511,2.3431537204837616,false,false
2020-07-01,2020-07,61,Knitted apparel,24049930,13652.46,1365246,1365.246,17.615821617496042,false,false
2020-07-01,2020-07,62,Woven apparel,23148775,8238.15,823815,823.815,28.09948228667844,false,false
2020-07-01,2020-07,63,Made-ups / home textiles,8160399,21973.94,2197394,2197.394,3.7136712851677944,false,false
2020-07-01,2020-07,64,Footwear,9535634,4492.25,449225,449.225,21.226855139406755,false,false
2020-08-01,2020-08,52,Cotton yarn & woven cotton,709891,2481.94,248194,248.19400000000002,2.8602262746077667,false,false
2020-08-01,2020-08,61,Knitted apparel,24384501,13453.33,1345333,1345.333,18.12525300427478,false,false
2020-08-01,2020-08,62,Woven apparel,20643894,7702.06,770206,770.2060000000001,26.803081253586704,false,false
2020-08-01,2020-08,63,Made-ups / home textiles,9894926,24380.08,2438008,2438.0080000000003,4.058610964361068,false,false
2020-08-01,2020-08,64,Footwear,11129644,5546.43,554643,554.643,20.066320137457787,false,false
2020-09-01,2020-09,52,Cotton yarn & woven cotton,756342,2629.15,262915,262.915,2.876754844721678,false,false
2020-09-01,2020-09,61,Knitted apparel,20879302,11472.49,1147249,1147.249,18.199451034605392,false,false
2020-09-01,2020-09,62,Woven apparel,20312439,6625.39,662539,662.5390000000001,30.658480481903705,false,false
2020-09-01,2020-09,63,Made-ups / home textiles,9032028,22103.84,2210384,2210.384,4.0861805007636685,false,false
2020-09-01,2020-09,64,Footwear,15558898,7939.02,793902,793.902,19.598008318407057,false,false
2020-10-01,2020-10,52,Cotton yarn & woven cotton,582463,2423.62,242362,242.362,2.4032769163482723,false,false
2020-10-01,2020-10,61,Knitted apparel,17471720,9628.13,962812.9999999999,962.813,18.146535204655528,false,false
2020-10-01,2020-10,62,Woven apparel,14112768,5436.67,543667,543.667,25.95847825966998,false,false
2020-10-01,2020-10,63,Made-ups / home textiles,11752905,29470.76,2947076,2947.076,3.9879884332809876,false,false
2020-10-01,2020-10,64,Footwear,9973500,5949.54,594954,594.9540000000001,16.763480874151615,false,false
2020-11-01,2020-11,52,Cotton yarn & woven cotton,602459,1903.09,190309,190.309,3.165688433022085,false,false
2020-11-01,2020-11,61,Knitted apparel,14053892,8344.45,834445.0000000001,834.4450000000002,16.842202901329625,false,false
2020-11-01,2020-11,62,Woven apparel,9983037,4113.44,411343.99999999994,411.344,24.269314734139797,false,false
2020-11-01,2020-11,63,Made-ups / home textiles,9757710,26426.34,2642634,2642.634,3.692418246340583,false,false
2020-11-01,2020-11,64,Footwear,5654078,3467.23,346723,346.723,16.307190466164634,false,false
2020-12-01,2020-12,52,Cotton yarn & woven cotton,539227,1045.84,104583.99999999999,104.584,5.1559225120477326,false,false
2020-12-01,2020-12,61,Knitted apparel,16968763,10132.84,1013284,1013.2840000000001,16.74630508327379,false,false
2020-12-01,2020-12,62,Woven apparel,14972997,6405.62,640562,640.562,23.374781832203595,false,false
2020-12-01,2020-12,63,Made-ups / home textiles,10236878,26237.89,2623789,2623.789,3.9015629686685935,false,false
2020-12-01,2020-12,64,Footwear,6257184,3523.19,352319,352.319,17.75999591279494,false,false
2021-01-01,2021-01,52,Cotton yarn & woven cotton,713069,1487.15,148715,148.715,4.794869381030831,false,false
2021-01-01,2021-01,61,Knitted apparel,21911616,12391.76,1239176,1239.1760000000002,17.682408310038284,false,false
2021-01-01,2021-01,62,Woven apparel,23619740,8269.92,826992,826.9920000000001,28.561025983322693,false,false
2021-01-01,2021-01,63,Made-ups / home textiles,10687554,28309.78,2830978,2830.978,3.7752161973706615,false,false
2021-01-01,2021-01,64,Footwear,12532465,6622.23,662223,662.223,18.924841027871278,false,false
2021-02-01,2021-02,52,Cotton yarn & woven cotton,899134,1654.69,165469,165.46900000000002,5.433851658014492,false,false
2021-02-01,2021-02,61,Knitted apparel,28047148,15214.75,1521475,1521.4750000000001,18.43418261884027,false,false
2021-02-01,2021-02,62,Woven apparel,30554394,10451.83,1045183,1045.183,29.2335351799637,false,false
2021-02-01,2021-02,63,Made-ups / home textiles,11225412,26221.2,2622120,2622.1200000000003,4.2810443457965315,false,false
2021-02-01,2021-02,64,Footwear,13022291,6967.1,696710,696.71,18.69112112643711,false,false
2021-03-01,2021-03,52,Cotton yarn & woven cotton,626773,812.09,81209,81.209,7.718023864350011,false,false
2021-03-01,2021-03,61,Knitted apparel,28244842,15046.19,1504619,1504.6190000000001,18.77208914682056,false,false
2021-03-01,2021-03,62,Woven apparel,37813509,13788.68,1378868,1378.8680000000002,27.423588769918513,false,false
2021-03-01,2021-03,63,Made-ups / home textiles,14436141,38492.66,3849266.0000000005,3849.2660000000005,3.750362017070267,false,false
2021-03-01,2021-03,64,Footwear,18132668,8972.2,897220.0000000001,897.2200000000001,20.209834823120303,false,false
2021-04-01,2021-04,52,Cotton yarn & woven cotton,986799,1696.2,169620,169.62,5.817704280155642,false,false
2021-04-01,2021-04,61,Knitted apparel,20339380,10439.39,1043939,1043.939,19.483303143191318,false,false
2021-04-01,2021-04,62,Woven apparel,26215502,11100.83,1110083,1110.083,23.615803502981308,false,false
2021-04-01,2021-04,63,Made-ups / home textiles,15905831,42505.21,4250521,4250.521,3.7420897344113815,false,false
2021-04-01,2021-04,64,Footwear,10779480,5320.45,532045,532.045,20.260466689847664,false,false
2021-05-01,2021-05,52,Cotton yarn & woven cotton,752768,3457.61,345761,345.761,2.1771339162022323,false,false
2021-05-01,2021-05,61,Knitted apparel,19442903,10146.89,1014689,1014.689,19.16144059904069,false,false
2021-05-01,2021-05,62,Woven apparel,23911853,9424.32,942432,942.432,25.37249690163322,false,false
2021-05-01,2021-05,63,Made-ups / home textiles,13034629,31901.22,3190122,3190.1220000000003,4.085934331038123,false,false
2021-05-01,2021-05,64,Footwear,9843619,5410.76,541076,541.076,18.19267348764314,false,false
2021-06-01,2021-06,52,Cotton yarn & woven cotton,610306,1181.15,118115.00000000001,118.11500000000001,5.167049062354485,false,false
2021-06-01,2021-06,61,Knitted apparel,25309403,14551.78,1455178,1455.178,17.392650933425326,false,false
2021-06-01,2021-06,62,Woven apparel,25449811,9850.62,985062.0000000001,985.0620000000001,25.83574536425118,false,false
2021-06-01,2021-06,63,Made-ups / home textiles,13814712,33274.26,3327426,3327.4260000000004,4.1517713692205325,false,false
2021-06-01,2021-06,64,Footwear,7552904,3831.23,383123,383.12300000000005,19.714044836775656,false,false
2021-07-01,2021-07,52,Cotton yarn & woven cotton,1065275,2580.02,258002,258.002,4.128940860923559,false,false
2021-07-01,2021-07,61,Knitted apparel,25629940,13706.65,1370665,1370.665,18.698908923770578,false,false
2021-07-01,2021-07,62,Woven apparel,24121095,8171.32,817132,817.1320000000001,29.519214765790593,false,false
2021-07-01,2021-07,63,Made-ups / home textiles,12783364,30573.1,3057310,3057.31,4.1812456047963735,false,false
2021-07-01,2021-07,64,Footwear,10945750,6119.83,611983,611.9830000000001,17.885709243557418,false,false
2021-08-01,2021-08,52,Cotton yarn & woven cotton,541103,895.63,89563,89.563,6.0415908355012675,false,false
2021-08-01,2021-08,61,Knitted apparel,23473722,12505.86,1250586,1250.5860000000002,18.77017814048774,false,false
2021-08-01,2021-08,62,Woven apparel,20913557,7661.71,766171,766.171,27.29620019551771,false,false
2021-08-01,2021-08,63,Made-ups / home textiles,14140895,34998.46,3499846,3499.846,4.040433493359422,false,false
2021-08-01,2021-08,64,Footwear,11731115,5702.66,570266,570.266,20.57130356710728,false,false
2021-09-01,2021-09,52,Cotton yarn & woven cotton,577470,517.75,51775,51.775000000000006,11.153452438435538,false,false
2021-09-01,2021-09,61,Knitted apparel,24750908,14763.41,1476341,1476.3410000000001,16.765034636306925,false,false
2021-09-01,2021-09,62,Woven apparel,16160673,6810.02,681002,681.0020000000001,23.730727663061195,false,false
2021-09-01,2021-09,63,Made-ups / home textiles,15550637,33346.21,3334621,3334.621,4.663389632584932,false,false
2021-09-01,2021-09,64,Footwear,10883931,5613.03,561303,561.303,19.39047359447571,false,false
2021-10-01,2021-10,52,Cotton yarn & woven cotton,1003326,1715.84,171584,171.584,5.847433327116748,false,false
2021-10-01,2021-10,61,Knitted apparel,21246373,12763,1276300,1276.3000000000002,16.646848703282927,false,false
2021-10-01,2021-10,62,Woven apparel,13606935,5868.7,586870,586.87,23.185603285225007,false,false
2021-10-01,2021-10,63,Made-ups / home textiles,20302084,47827.14,4782714,4782.714,4.244887735290047,false,false
2021-10-01,2021-10,64,Footwear,10678532,5475.42,547542,547.542,19.502671941147895,false,false
2021-11-01,2021-11,52,Cotton yarn & woven cotton,793950,723.12,72312,72.312,10.979505476269498,false,false
2021-11-01,2021-11,61,Knitted apparel,18540323,10365.41,1036541,1036.541,17.886724210619743,false,false
2021-11-01,2021-11,62,Woven apparel,16552647,6796.69,679669,679.669,24.353982600353994,false,false
2021-11-01,2021-11,63,Made-ups / home textiles,17626692,35973.92,3597392,3597.392,4.899853004621126,false,false
2021-11-01,2021-11,64,Footwear,9661929,4865.15,486514.99999999994,486.515,19.8594678478567,false,false
2021-12-01,2021-12,52,Cotton yarn & woven cotton,1490042,2865.96,286596,286.596,5.199102569470614,false,false
2021-12-01,2021-12,61,Knitted apparel,26351435,13837.39,1383739,1383.739,19.043645514074548,false,false
2021-12-01,2021-12,62,Woven apparel,19550371,6966.52,696652,696.652,28.06332429965033,false,false
2021-12-01,2021-12,63,Made-ups / home textiles,12935627,24436.54,2443654,2443.654,5.293559153628133,false,false
2021-12-01,2021-12,64,Footwear,8018441,3789.1,378910,378.91,21.16186165580217,false,false
2022-01-01,2022-01,52,Cotton yarn & woven cotton,1111851,1888.11,188811,188.811,5.888698222031556,false,false
2022-01-01,2022-01,61,Knitted apparel,33354052,17049.1,1704909.9999999998,1704.9099999999999,19.563526520461494,false,false
2022-01-01,2022-01,62,Woven apparel,31838726,10087.14,1008714,1008.7139999999999,31.563680091681093,false,false
2022-01-01,2022-01,63,Made-ups / home textiles,16469490,34461.23,3446123.0000000005,3446.1230000000005,4.7791358578901555,false,false
2022-01-01,2022-01,64,Footwear,13584379,6215.01,621501,621.5010000000001,21.85737271540995,false,false
2022-02-01,2022-02,52,Cotton yarn & woven cotton,825819,1220.06,122006,122.006,6.768675311050276,false,false
2022-02-01,2022-02,61,Knitted apparel,25653379,12408.25,1240825,1240.825,20.674453690085226,false,false
2022-02-01,2022-02,62,Woven apparel,39598630,11665.93,1166593,1166.593,33.943826167309425,false,false
2022-02-01,2022-02,63,Made-ups / home textiles,13897325,25343.54,2534354,2534.3540000000003,5.4835768799465265,false,false
2022-02-01,2022-02,64,Footwear,13814864,6251.45,625145,625.145,22.098655511921233,false,false
2022-03-01,2022-03,52,Cotton yarn & woven cotton,919337,3011.41,301141,301.141,3.0528456769420305,false,false
2022-03-01,2022-03,61,Knitted apparel,31519521,14987.62,1498762,1498.7620000000002,21.03037106625335,false,false
2022-03-01,2022-03,62,Woven apparel,46310766,14250.24,1425024,1425.0240000000001,32.498235819186206,false,false
2022-03-01,2022-03,63,Made-ups / home textiles,16537248,33739.97,3373997,3373.9970000000003,4.9013819514362345,false,false
2022-03-01,2022-03,64,Footwear,18284858,7952.59,795259,795.259,22.992330800405906,false,false
2022-04-01,2022-04,52,Cotton yarn & woven cotton,1325483,3268.77,326877,326.877,4.054990103311031,false,false
2022-04-01,2022-04,61,Knitted apparel,29188664,13616.11,1361611,1361.611,21.436859719846563,false,false
2022-04-01,2022-04,62,Woven apparel,42482284,14603.7,1460370,1460.3700000000001,29.090082650287258,false,false
2022-04-01,2022-04,63,Made-ups / home textiles,14513852,29305.68,2930568,2930.568,4.952573016561977,false,false
2022-04-01,2022-04,64,Footwear,15560396,6831.48,683148,683.148,22.77748891894582,false,false
2022-05-01,2022-05,52,Cotton yarn & woven cotton,2225443,6292.49,629249,629.249,3.536665135741177,false,false
2022-05-01,2022-05,61,Knitted apparel,28008482,13619.29,1361929,1361.929,20.565302596537705,false,false
2022-05-01,2022-05,62,Woven apparel,43646821,15620.53,1562053,1562.053,27.941959075652363,false,false
2022-05-01,2022-05,63,Made-ups / home textiles,15961584,32853.71,3285371,3285.371,4.8583809865004595,false,false
2022-05-01,2022-05,64,Footwear,15499239,7123.62,712362,712.3620000000001,21.757531985142386,false,false
2022-06-01,2022-06,52,Cotton yarn & woven cotton,886640,1166.48,116648,116.64800000000001,7.6009875865852825,false,false
2022-06-01,2022-06,61,Knitted apparel,38344169,18813.73,1881373,1881.373,20.38094997642679,false,false
2022-06-01,2022-06,62,Woven apparel,36154206,11448.14,1144814,1144.814,31.580855929434826,false,false
2022-06-01,2022-06,63,Made-ups / home textiles,18807951,38033.37,3803337.0000000005,3803.3370000000004,4.9451181948904335,false,false
2022-06-01,2022-06,64,Footwear,11213883,4996.48,499647.99999999994,499.64799999999997,22.443566270654543,false,false
2022-07-01,2022-07,52,Cotton yarn & woven cotton,1124323,1764.23,176423,176.423,6.372882220572148,false,false
2022-07-01,2022-07,61,Knitted apparel,32510049,15671.82,1567182,1567.182,20.744271565140487,false,false
2022-07-01,2022-07,62,Woven apparel,30068655,9132.29,913229.0000000001,913.2290000000002,32.92564625083084,false,false
2022-07-01,2022-07,63,Made-ups / home textiles,12953261,24457.02,2445702,2445.702,5.296336593746908,false,false
2022-07-01,2022-07,64,Footwear,11443021,4991.11,499110.99999999994,499.111,22.92680586082054,false,false
2022-08-01,2022-08,52,Cotton yarn & woven cotton,764091,727.19,72719,72.71900000000001,10.507446472036195,false,false
2022-08-01,2022-08,61,Knitted apparel,31999541,15384.32,1538432,1538.432,20.80010101193943,false,false
2022-08-01,2022-08,62,Woven apparel,28236122,8927.37,892737.0000000001,892.7370000000001,31.628712599567393,false,false
2022-08-01,2022-08,63,Made-ups / home textiles,19284362,36077.4,3607740,3607.7400000000002,5.345274881227583,false,false
2022-08-01,2022-08,64,Footwear,17202466,7833.08,783308,783.308,21.961305131570214,false,false
2022-09-01,2022-09,52,Cotton yarn & woven cotton,738102,1819.61,181961,181.961,4.056374717659279,false,false
2022-09-01,2022-09,61,Knitted apparel,21628639,9388.14,938814,938.814,23.038257844471854,false,false
2022-09-01,2022-09,62,Woven apparel,23789224,9172.48,917248,917.248,25.935432947250906,false,false
2022-09-01,2022-09,63,Made-ups / home textiles,17219291,29028.36,2902836,2902.8360000000002,5.931885576725657,false,false
2022-09-01,2022-09,64,Footwear,16454595,7095.12,709512,709.5120000000001,23.19142593782769,false,false
2022-10-01,2022-10,52,Cotton yarn & woven cotton,1121851,2030.86,203086,203.086,5.524019380951912,false,false
2022-10-01,2022-10,61,Knitted apparel,21748696,10163.43,1016343,1016.3430000000001,21.398972590946165,false,false
2022-10-01,2022-10,62,Woven apparel,20836270,7481.65,748165,748.165,27.849832590404525,false,false
2022-10-01,2022-10,63,Made-ups / home textiles,18207450,33238.96,3323896,3323.896,5.4777435876453415,false,false
2022-10-01,2022-10,64,Footwear,10840986,5017.25,501725,501.725,21.607426378992475,false,false
2022-11-01,2022-11,52,Cotton yarn & woven cotton,1039618,1768.77,176877,176.877,5.877632479067374,false,false
2022-11-01,2022-11,61,Knitted apparel,21905886,10218.01,1021801,1021.801,21.43850514924139,false,false
2022-11-01,2022-11,62,Woven apparel,20715558,6931.78,693178,693.178,29.884904021766413,false,false
2022-11-01,2022-11,63,Made-ups / home textiles,12810221,21565.13,2156513,2156.5130000000004,5.940247519954667,false,false
2022-11-01,2022-11,64,Footwear,9297480,3919.01,391901,391.90100000000007,23.7240527582221,false,false
2022-12-01,2022-12,52,Cotton yarn & woven cotton,1172009,2366.89,236689,236.689,4.951683432690155,false,false
2022-12-01,2022-12,61,Knitted apparel,30570663,14300.12,1430012,1430.0120000000002,21.377906618965437,false,false
2022-12-01,2022-12,62,Woven apparel,28812821,9332.66,933266,933.2660000000001,30.873106916999014,false,false
2022-12-01,2022-12,63,Made-ups / home textiles,11944516,22357.18,2235718,2235.7180000000003,5.342586140112483,false,false
2022-12-01,2022-12,64,Footwear,11859016,5243.29,524329,524.3290000000001,22.617509235613518,false,false
2023-01-01,2023-01,52,Cotton yarn & woven cotton,1174666,1389.7,138970,138.97,8.452658847233216,false,false
2023-01-01,2023-01,61,Knitted apparel,29750831,13561.22,1356122,1356.122,21.938167067564716,false,false
2023-01-01,2023-01,62,Woven apparel,40609601,12071.39,1207139,1207.139,33.6411970783812,false,false
2023-01-01,2023-01,63,Made-ups / home textiles,14180368,27430.38,2743038,2743.0380000000005,5.169584963824781,false,false
2023-01-01,2023-01,64,Footwear,14857363,6483.86,648386,648.386,22.91437970591592,false,false
2023-02-01,2023-02,52,Cotton yarn & woven cotton,766916,965.36,96536,96.536,7.944352365956742,false,false
2023-02-01,2023-02,61,Knitted apparel,29604104,13153.57,1315357,1315.357,22.50651648183725,false,false
2023-02-01,2023-02,62,Woven apparel,43693218,12402.4,1240240,1240.24,35.22964748758305,false,false
2023-02-01,2023-02,63,Made-ups / home textiles,12789441,24167.35,2416735,2416.735,5.292032845967804,false,false
2023-02-01,2023-02,64,Footwear,15865997,6632.69,663269,663.269,23.920908409710087,false,false
2023-03-01,2023-03,52,Cotton yarn & woven cotton,897599,923.15,92315,92.315,9.723219411796567,false,false
2023-03-01,2023-03,61,Knitted apparel,26060990,11787.4,1178740,1178.74,22.109192866959635,false,false
2023-03-01,2023-03,62,Woven apparel,43966828,13369.31,1336931,1336.931,32.88638531083504,false,false
2023-03-01,2023-03,63,Made-ups / home textiles,12650449,24142.16,2414216,2414.216,5.239982255108905,false,false
2023-03-01,2023-03,64,Footwear,16082905,6251.01,625101,625.1010000000001,25.728490275971403,false,false
2023-04-01,2023-04,52,Cotton yarn & woven cotton,1347318,1964.2,196420,196.42000000000002,6.859372772630079,false,false
2023-04-01,2023-04,61,Knitted apparel,22852674,10342.81,1034281,1034.281,22.09522750587123,false,false
2023-04-01,2023-04,62,Woven apparel,41909904,13970.83,1397083,1397.083,29.998149000453086,false,false
2023-04-01,2023-04,63,Made-ups / home textiles,12929505,29787.67,2978767,2978.767,4.340556008576703,false,false
2023-04-01,2023-04,64,Footwear,11986463,5576.47,557647,557.647,21.494714398176626,false,false
2023-05-01,2023-05,52,Cotton yarn & woven cotton,1374828,2452.35,245235,245.235,5.60616551471038,false,false
2023-05-01,2023-05,61,Knitted apparel,31088175,15975.54,1597554,1597.554,19.459858633886554,false,false
2023-05-01,2023-05,62,Woven apparel,36593505,13259.27,1325927,1325.9270000000001,27.59843113534908,false,false
2023-05-01,2023-05,63,Made-ups / home textiles,13790813,34432.51,3443251,3443.251,4.00517214690419,false,false
2023-05-01,2023-05,64,Footwear,8607477,4144.33,414433,414.433,20.769284781858588,false,false
2023-06-01,2023-06,52,Cotton yarn & woven cotton,913457,1298.81,129881,129.881,7.033030235369299,false,false
2023-06-01,2023-06,61,Knitted apparel,32549153,16525.6,1652559.9999999998,1652.56,19.69620044052864,false,false
2023-06-01,2023-06,62,Woven apparel,35487995,11513.63,1151363,1151.363,30.822594611777518,false,false
2023-06-01,2023-06,63,Made-ups / home textiles,14791156,32125.92,3212592,3212.592,4.604119041571416,false,false
2023-06-01,2023-06,64,Footwear,10801810,5512.74,551274,551.274,19.59426709766831,false,false
2023-07-01,2023-07,52,Cotton yarn & woven cotton,1352766,2690.75,269075,269.075,5.027468178017282,false,false
2023-07-01,2023-07,61,Knitted apparel,30423394,15544.23,1554423,1554.423,19.572146063201586,false,false
2023-07-01,2023-07,62,Woven apparel,34083743,10719.45,1071945,1071.9450000000002,31.796167713828602,false,false
2023-07-01,2023-07,63,Made-ups / home textiles,12233059,26290.25,2629025,2629.025,4.653078232424568,false,false
2023-07-01,2023-07,64,Footwear,12128968,5848.59,584859,584.859,20.738277089007777,false,false
2023-08-01,2023-08,52,Cotton yarn & woven cotton,1360487,3520.41,352041,352.041,3.86456975181868,false,false
2023-08-01,2023-08,61,Knitted apparel,29445544,16262.96,1626296,1626.296,18.10589462188925,false,false
2023-08-01,2023-08,62,Woven apparel,30727680,11248.68,1124868,1124.8680000000002,27.316698492623136,false,false
2023-08-01,2023-08,63,Made-ups / home textiles,12374566,30266.63,3026663,3026.6630000000005,4.088517948645092,false,false
2023-08-01,2023-08,64,Footwear,13853838,6688.12,668812,668.812,20.714099029323638,false,false
2023-09-01,2023-09,52,Cotton yarn & woven cotton,1042640,3738.63,373863,373.86300000000006,2.7888290630525083,false,false
2023-09-01,2023-09,61,Knitted apparel,20592349,11413.07,1141307,1141.307,18.04277814821078,false,false
2023-09-01,2023-09,62,Woven apparel,19780274,7331.5,733150,733.1500000000001,26.97984587055855,false,false
2023-09-01,2023-09,63,Made-ups / home textiles,13839413,28435.57,2843557,2843.5570000000002,4.866937079158252,false,false
2023-09-01,2023-09,64,Footwear,11460866,5845.92,584592,584.592,19.604897090620465,false,false
2023-10-01,2023-10,52,Cotton yarn & woven cotton,1498940,3347.64,334764,334.764,4.477602131650954,false,false
2023-10-01,2023-10,61,Knitted apparel,21765149,12378.16,1237816,1237.816,17.583509180685983,false,false
2023-10-01,2023-10,62,Woven apparel,20519527,7931.98,793198,793.198,25.869363008983886,false,false
2023-10-01,2023-10,63,Made-ups / home textiles,12726545,29794.52,2979452,2979.452,4.2714381705092075,false,false
2023-10-01,2023-10,64,Footwear,8926024,4176.56,417656.00000000006,417.65600000000006,21.371712605589284,false,false
2023-11-01,2023-11,52,Cotton yarn & woven cotton,989301,1752.43,175243,175.24300000000002,5.645309655735179,false,false
2023-11-01,2023-11,61,Knitted apparel,25195025,15656.09,1565609,1565.6090000000002,16.0927951998232,false,false
2023-11-01,2023-11,62,Woven apparel,21714826,8003.06,800306,800.306,27.13315406856877,false,false
2023-11-01,2023-11,63,Made-ups / home textiles,10982257,24974.12,2497412,2497.4120000000003,4.397455045463063,false,false
2023-11-01,2023-11,64,Footwear,6924359,2968.67,296867,296.867,23.32478517315835,false,false
2023-12-01,2023-12,52,Cotton yarn & woven cotton,630967,977.93,97793,97.793,6.452067121368605,false,false
2023-12-01,2023-12,61,Knitted apparel,23658607,13609.65,1360965,1360.9650000000001,17.38369980124397,false,false
2023-12-01,2023-12,62,Woven apparel,21717892,7636.11,763611,763.611,28.441041315538932,false,false
2023-12-01,2023-12,63,Made-ups / home textiles,10551442,24378.2,2437820,2437.82,4.328228499232921,false,false
2023-12-01,2023-12,64,Footwear,7447722,3196.93,319693,319.693,23.29648131175847,false,false
2024-01-01,2024-01,52,Cotton yarn & woven cotton,1125282,1475.86,147586,147.58599999999998,7.624584987735964,false,false
2024-01-01,2024-01,61,Knitted apparel,21873972,10807.58,1080758,1080.758,20.239472666406357,false,false
2024-01-01,2024-01,62,Woven apparel,31326442,8943.49,894349,894.349,35.02708897756916,false,false
2024-01-01,2024-01,63,Made-ups / home textiles,11108586,25613.34,2561334,2561.3340000000003,4.337031406290628,false,false
2024-01-01,2024-01,64,Footwear,10852345,4376.28,437628,437.628,24.798104783057756,false,false
2024-02-01,2024-02,52,Cotton yarn & woven cotton,781894,1507.74,150774,150.774,5.185867589902768,false,false
2024-02-01,2024-02,61,Knitted apparel,28246751,14402.07,1440207,1440.207,19.612979939689225,false,false
2024-02-01,2024-02,62,Woven apparel,47751329,13436.02,1343602,1343.602,35.53978707980488,false,false
2024-02-01,2024-02,63,Made-ups / home textiles,12850940,24968.62,2496862,2496.862,5.146836308934975,false,false
2024-02-01,2024-02,64,Footwear,12501913,5244.25,524425,524.4250000000001,23.83927730371359,false,false
2024-03-01,2024-03,52,Cotton yarn & woven cotton,900039,1795.29,179529,179.529,5.013334892969938,false,false
2024-03-01,2024-03,61,Knitted apparel,29422071,15389.37,1538937,1538.9370000000001,19.11843759686069,false,false
2024-03-01,2024-03,62,Woven apparel,46183779,14815.64,1481564,1481.564,31.172314527080843,false,false
2024-03-01,2024-03,63,Made-ups / home textiles,12889279,28515.91,2851591,2851.5910000000003,4.5200307477474855,false,false
2024-03-01,2024-03,64,Footwear,17114027,7736.24,773624,773.624,22.121892547283952,false,false
2024-04-01,2024-04,52,Cotton yarn & woven cotton,970512,2283.01,228301.00000000003,228.30100000000004,4.2510194874310665,false,false
2024-04-01,2024-04,61,Knitted apparel,25058934,12592.02,1259202,1259.2020000000002,19.900646599989518,false,false
2024-04-01,2024-04,62,Woven apparel,43520123,14794.56,1479456,1479.4560000000001,29.416300991715875,false,false
2024-04-01,2024-04,63,Made-ups / home textiles,13367258,32178.27,3217827,3217.827,4.154125750079168,false,false
2024-04-01,2024-04,64,Footwear,13165051,5782.96,578296,578.296,22.765246517354434,false,false
2024-05-01,2024-05,52,Cotton yarn & woven cotton,1136023,2135.26,213526.00000000003,213.52600000000004,5.320302913930855,false,false
2024-05-01,2024-05,61,Knitted apparel,30372529,16238.12,1623812,1623.8120000000001,18.704461477067543,false,false
2024-05-01,2024-05,62,Woven apparel,40406425,15460.78,1546078,1546.0780000000002,26.134790741476174,false,false
2024-05-01,2024-05,63,Made-ups / home textiles,16164195,37261.41,3726141.0000000005,3726.1410000000005,4.338052424747211,false,false
2024-05-01,2024-05,64,Footwear,9346816,4205.4,420539.99999999994,420.53999999999996,22.22574784800495,false,false
2024-06-01,2024-06,52,Cotton yarn & woven cotton,1093231,2510.44,251044,251.044,4.354738611558133,false,false
2024-06-01,2024-06,61,Knitted apparel,29604828,15868.38,1586838,1586.838,18.65649045460217,false,false
2024-06-01,2024-06,62,Woven apparel,30856303,10012.87,1001287.0000000001,1001.2870000000001,30.816641981769457,false,false
2024-06-01,2024-06,63,Made-ups / home textiles,14291613,32262.15,3226215,3226.215,4.429838990891803,false,false
2024-06-01,2024-06,64,Footwear,6882701,2620.56,262056,262.056,26.264237414903686,false,false
2024-07-01,2024-07,52,Cotton yarn & woven cotton,1736243,4546.35,454635.00000000006,454.63500000000005,3.818982260494682,false,false
2024-07-01,2024-07,61,Knitted apparel,33715304,18196.35,1819634.9999999998,1819.635,18.528608209888247,false,false
2024-07-01,2024-07,62,Woven apparel,36144800,11900.4,1190040,1190.04,30.37276057947632,false,false
2024-07-01,2024-07,63,Made-ups / home textiles,15060872,37231.26,3723126,3723.126,4.045222213806356,false,false
2024-07-01,2024-07,64,Footwear,10443684,4327.68,432768,432.76800000000003,24.132292590949422,false,false
2024-08-01,2024-08,52,Cotton yarn & woven cotton,719548,1296.27,129627,129.627,5.550911461346788,false,false
2024-08-01,2024-08,61,Knitted apparel,27150664,14849.65,1484965,1484.9650000000001,18.283706349981312,false,false
2024-08-01,2024-08,62,Woven apparel,25674040,8393.98,839398,839.398,30.586253481661856,false,false
2024-08-01,2024-08,63,Made-ups / home textiles,12055856,25620.95,2562095,2562.0950000000003,4.705467986159764,false,false
2024-08-01,2024-08,64,Footwear,12091152,5589.7,558970,558.97,21.631128683113584,false,false
2024-09-01,2024-09,52,Cotton yarn & woven cotton,1009723,1231.38,123138.00000000001,123.13800000000002,8.199930159658269,false,false
2024-09-01,2024-09,61,Knitted apparel,20788205,11745.5,1174550,1174.55,17.698867651440978,false,false
2024-09-01,2024-09,62,Woven apparel,19450418,7285.8,728580,728.58,26.69633808229707,false,false
2024-09-01,2024-09,63,Made-ups / home textiles,16152459,34932.2,3493219.9999999995,3493.22,4.623945528767155,false,false
2024-09-01,2024-09,64,Footwear,13869586,6583.85,658385,658.3850000000001,21.06607228293476,false,false
2024-10-01,2024-10,52,Cotton yarn & woven cotton,1231043,1274.42,127442,127.44200000000001,9.659633401861239,false,false
2024-10-01,2024-10,61,Knitted apparel,19763479,11343.68,1134368,1134.3680000000002,17.422458144094332,false,false
2024-10-01,2024-10,62,Woven apparel,20721614,8127.16,812716,812.716,25.496746711028205,false,false
2024-10-01,2024-10,63,Made-ups / home textiles,17519943,36979.23,3697923.0000000005,3697.9230000000007,4.737779288535753,false,false
2024-10-01,2024-10,64,Footwear,10795425,5328.23,532823,532.823,20.26080893655116,false,false
2024-11-01,2024-11,52,Cotton yarn & woven cotton,1076394,1724,172400,172.4,6.243584686774942,false,false
2024-11-01,2024-11,61,Knitted apparel,19896902,11457.85,1145785,1145.785,17.36530151817313,false,false
2024-11-01,2024-11,62,Woven apparel,21250471,7517.37,751737,751.7370000000001,28.268491507003112,false,false
2024-11-01,2024-11,63,Made-ups / home textiles,15612151,36256.64,3625664,3625.664,4.3060115333356865,false,false
2024-11-01,2024-11,64,Footwear,9984420,4891.37,489137,489.137,20.412318021331448,false,false
2024-12-01,2024-12,52,Cotton yarn & woven cotton,767523,1032.61,103260.99999999999,103.261,7.432844926932725,false,false
2024-12-01,2024-12,61,Knitted apparel,25034272,14382.93,1438293,1438.2930000000001,17.405543932981665,false,false
2024-12-01,2024-12,62,Woven apparel,21419545,7052.23,705223,705.223,30.372726073880177,false,false
2024-12-01,2024-12,63,Made-ups / home textiles,13187699,26826.08,2682608,2682.608,4.91599928129641,false,false
2024-12-01,2024-12,64,Footwear,6928477,3148.57,314857,314.857,22.00515472103209,false,false
2025-01-01,2025-01,52,Cotton yarn & woven cotton,894921,1317.67,131767,131.76700000000002,6.79169291248947,false,false
2025-01-01,2025-01,61,Knitted apparel,27310150,14224.45,1422445,1422.4450000000002,19.199441806185828,false,false
2025-01-01,2025-01,62,Woven apparel,37131430,10796.94,1079694,1079.6940000000002,34.39069773472854,false,false
2025-01-01,2025-01,63,Made-ups / home textiles,15696643,32838.06,3283806,3283.806,4.780015323682337,false,false
2025-01-01,2025-01,64,Footwear,12655066,4849.66,484966,484.966,26.094748910232884,false,false
2025-02-01,2025-02,52,Cotton yarn & woven cotton,881211,1727.49,172749,172.74900000000002,5.101106229269055,false,false
2025-02-01,2025-02,61,Knitted apparel,28414942,14421.87,1442187,1442.1870000000001,19.702675173191825,false,false
2025-02-01,2025-02,62,Woven apparel,45377599,13305.79,1330579,1330.5790000000002,34.103648862637996,false,false
2025-02-01,2025-02,63,Made-ups / home textiles,15855066,31227.54,3122754,3122.7540000000004,5.077270255678161,false,false
2025-02-01,2025-02,64,Footwear,13658099,5416.88,541688,541.688,25.21395895792412,false,false
2025-03-01,2025-03,52,Cotton yarn & woven cotton,1784869,4568.64,456864.00000000006,456.86400000000003,3.906784075786229,false,false
2025-03-01,2025-03,61,Knitted apparel,33135779,18035.43,1803543,1803.5430000000001,18.372602704787187,false,false
2025-03-01,2025-03,62,Woven apparel,53241305,18061.04,1806104,1806.1040000000003,29.4785377807701,false,false
2025-03-01,2025-03,63,Made-ups / home textiles,18590121,39481.5,3948150,3948.15,4.708565024125223,false,false
2025-03-01,2025-03,64,Footwear,15389812,6825.61,682561,682.561,22.547159887541188,false,false
2025-04-01,2025-04,52,Cotton yarn & woven cotton,1092735,1952.78,195278,195.27800000000002,5.595791640635402,false,false
2025-04-01,2025-04,61,Knitted apparel,30484914,16632.87,1663287,1663.287,18.328114149873112,false,false
2025-04-01,2025-04,62,Woven apparel,50359719,17464.81,1746481.0000000002,1746.4810000000002,28.834965281614856,false,false
2025-04-01,2025-04,63,Made-ups / home textiles,16284646,32831.83,3283183,3283.1830000000004,4.960017763249871,false,false
2025-04-01,2025-04,64,Footwear,16957000,7207.21,720721,720.721,23.5278283829665,false,false
2025-05-01,2025-05,52,Cotton yarn & woven cotton,1226468,2023.81,202381,202.381,6.060193397601553,false,false
2025-05-01,2025-05,61,Knitted apparel,31979426,18459.55,1845955,1845.955,17.32405502842702,false,false
2025-05-01,2025-05,62,Woven apparel,37105983,13296.8,1329680,1329.68,27.905949551771855,false,false
2025-05-01,2025-05,63,Made-ups / home textiles,19573302,41020.02,4102001.9999999995,4102.0019999999995,4.771646137666438,false,false
2025-05-01,2025-05,64,Footwear,13242335,5889.15,588915,588.915,22.485986942088417,false,false
2025-06-01,2025-06,52,Cotton yarn & woven cotton,1414501,2872.44,287244,287.244,4.92438832490844,false,false
2025-06-01,2025-06,61,Knitted apparel,28080964,15842.42,1584242,1584.2420000000002,17.72517330054373,false,false
2025-06-01,2025-06,62,Woven apparel,33465944,10866.88,1086688,1086.6879999999999,30.79627639211991,false,false
2025-06-01,2025-06,63,Made-ups / home textiles,12426492,29571.75,2957175,2957.175,4.202149686778767,false,false
2025-06-01,2025-06,64,Footwear,6887650,2856.92,285692,285.692,24.10865547512706,false,false
2025-07-01,2025-07,52,Cotton yarn & woven cotton,1541998,3775.74,377574,377.574,4.0839623491024275,false,false
2025-07-01,2025-07,61,Knitted apparel,33150621,19331.81,1933181.0000000002,1933.1810000000003,17.14822409282938,false,false
2025-07-01,2025-07,62,Woven apparel,37374651,11592.03,1159203,1159.2030000000002,32.24167898116206,false,false
2025-07-01,2025-07,63,Made-ups / home textiles,15918962,39210.17,3921017,3921.017,4.059906396733297,false,false
2025-07-01,2025-07,64,Footwear,11637150,5335.04,533504,533.504,21.812676193618042,false,false
2025-08-01,2025-08,52,Cotton yarn & woven cotton,924151,2491.37,249137,249.137,3.709408879451868,false,false
2025-08-01,2025-08,61,Knitted apparel,27457714,15234.96,1523496,1523.496,18.02283301039189,false,false
2025-08-01,2025-08,62,Woven apparel,25434814,8693.13,869312.9999999999,869.313,29.258522534461125,false,false
2025-08-01,2025-08,63,Made-ups / home textiles,13282359,35931.62,3593162.0000000005,3593.1620000000003,3.696565587635625,false,false
2025-08-01,2025-08,64,Footwear,12489209,5977.61,597761,597.761,20.89331522130082,false,false
2025-09-01,2025-09,52,Cotton yarn & woven cotton,997366,2803.43,280343,280.343,3.557663291039905,false,false
2025-09-01,2025-09,61,Knitted apparel,20014694,11495.33,1149533,1149.5330000000001,17.411152180929125,false,false
2025-09-01,2025-09,62,Woven apparel,22261446,7881.18,788118,788.118,28.2463362085373,false,false
2025-09-01,2025-09,63,Made-ups / home textiles,14402441,38878.07,3887807,3887.8070000000002,3.7045154247625973,false,false
2025-09-01,2025-09,64,Footwear,14416838,6507.29,650729,650.729,22.15490319318795,false,false
2025-10-01,2025-10,52,Cotton yarn & woven cotton,1027273,1660.94,166094,166.09400000000002,6.184889279564584,false,false
2025-10-01,2025-10,61,Knitted apparel,18137733,10988.96,1098896,1098.896,16.505413615119174,false,false
2025-10-01,2025-10,62,Woven apparel,16325216,5722.28,572228,572.228,28.529215627337354,false,false
2025-10-01,2025-10,63,Made-ups / home textiles,15904811,39843.4,3984340,3984.34,3.9918307674545845,false,false
2025-10-01,2025-10,64,Footwear,9241569,4557.32,455732,455.73199999999997,20.27851675985009,false,false
2025-11-01,2025-11,52,Cotton yarn & woven cotton,1201681,3792.89,379289,379.289,3.168246376773384,false,false
2025-11-01,2025-11,61,Knitted apparel,20170099,12070.2,1207020,1207.0200000000002,16.710658481218207,false,false
2025-11-01,2025-11,62,Woven apparel,18303827,6563.94,656394,656.394,27.885427045341668,false,false
2025-11-01,2025-11,63,Made-ups / home textiles,15761908,47051.92,4705192,4705.192,3.3498968798722775,false,false
2025-11-01,2025-11,64,Footwear,5725397,2736.59,273659,273.65900000000005,20.921647013253722,false,false
2025-12-01,2025-12,52,Cotton yarn & woven cotton,883804,1389.51,138951,138.951,6.360544364560169,false,false
2025-12-01,2025-12,61,Knitted apparel,20682622,12259.95,1225995,1225.9950000000001,16.870070432587408,false,false
2025-12-01,2025-12,62,Woven apparel,24094248,6732.63,673263,673.263,35.787274809398404,false,false
2025-12-01,2025-12,63,Made-ups / home textiles,14120662,36986.1,3698610,3698.61,3.817829400774886,false,false
2025-12-01,2025-12,64,Footwear,6007698,2935.86,293586,293.586,20.46316241237661,false,false
2026-01-01,2026-01,52,Cotton yarn & woven cotton,1022641,1120.98,112098,112.09800000000001,9.122740816071651,false,false
2026-01-01,2026-01,61,Knitted apparel,26435629,14063.37,1406337,1406.3370000000002,18.797506572037854,false,false
2026-01-01,2026-01,62,Woven apparel,37286662,9980.03,998003.0000000001,998.0030000000002,37.361272461104825,false,false
2026-01-01,2026-01,63,Made-ups / home textiles,14407373,37424.91,3742491.0000000005,3742.4910000000004,3.849674721996659,false,false
2026-01-01,2026-01,64,Footwear,9532491,3885.51,388551,388.55100000000004,24.533435765189125,false,false
2026-02-01,2026-02,52,Cotton yarn & woven cotton,1199374,2611.6,261160,261.16,4.592487364068004,false,false
2026-02-01,2026-02,61,Knitted apparel,27996239,15525.64,1552564,1552.564,18.03226082789502,false,false
2026-02-01,2026-02,62,Woven apparel,45209064,13416.93,1341693,1341.6930000000002,33.69553541682039,false,false
2026-02-01,2026-02,63,Made-ups / home textiles,13908351,33915.96,3391596,3391.596,4.100827751890261,false,false
2026-02-01,2026-02,64,Footwear,10744980,4423.76,442376,442.37600000000003,24.289247156265258,false,false
2026-03-01,2026-03,52,Cotton yarn & woven cotton,990291,1407.07,140707,140.707,7.037965417498774,false,false
2026-03-01,2026-03,61,Knitted apparel,31275887,17826.3,1782630,1782.63,17.544800098730526,false,false
2026-03-01,2026-03,62,Woven apparel,45818403,14686.88,1468688,1468.688,31.19682532981818,false,false
2026-03-01,2026-03,63,Made-ups / home textiles,15548079,37999.8,3799980.0000000005,3799.9800000000005,4.0916212716909035,false,false
2026-03-01,2026-03,64,Footwear,13964215,6378.57,637857,637.857,21.89239124129703,false,false
2026-04-01,2026-04,52,Cotton yarn & woven cotton,1022388,2185.88,218588,218.58800000000002,4.6772375427745345,false,false
2026-04-01,2026-04,61,Knitted apparel,26745953,13916.36,1391636,1391.6360000000002,19.219072372373237,false,false
2026-04-01,2026-04,62,Woven apparel,40723384,12351.69,1235169,1235.169,32.969888331070486,false,false
2026-04-01,2026-04,63,Made-ups / home textiles,12529312,28749.89,2874989,2874.989,4.358038239450655,false,false
2026-04-01,2026-04,64,Footwear,8504237,4065.54,406554,406.55400000000003,20.91785347087964,false,false
2026-05-01,2026-05,52,Cotton yarn & woven cotton,1448396,2558.03,255803.00000000003,255.80300000000003,5.662154079506495,false,false
2026-05-01,2026-05,61,Knitted apparel,28696769,16888.09,1688809,1688.8090000000002,16.992311741588303,false,false
2026-05-01,2026-05,62,Woven apparel,31983131,9977.38,997737.9999999999,997.7379999999999,32.055640859624475,false,false
2026-05-01,2026-05,63,Made-ups / home textiles,15356556,42004.3,4200430,4200.43,3.6559485576476694,false,false
2026-05-01,2026-05,64,Footwear,6057824,3031.07,303107,303.107,19.985760803940522,false,false
2026-06-01,2026-06,52,Cotton yarn & woven cotton,1019780,1938.75,193875,193.875,5.259987105093488,false,false
2026-06-01,2026-06,61,Knitted apparel,30081799,17663.86,1766386,1766.3860000000002,17.03013893905409,false,false
2026-06-01,2026-06,62,Woven apparel,33632817,9680.22,968021.9999999999,968.0219999999999,34.74385602806548,false,false
2026-06-01,2026-06,63,Made-ups / home textiles,14615618,35394.17,3539417,3539.417,4.1293857152180715,false,false
2026-06-01,2026-06,64,Footwear,5576474,2685.37,268537,268.537,20.76612906228937,false,false
